,Date,Open,High,Low,Close
0,2015-01-01,1.21574,1.2169,1.20966,1.20999
1,2015-01-02,1.2048,1.20689,1.19993,1.20002
2,2015-01-05,1.19509,1.19756,1.18577,1.1932
3,2015-01-06,1.19322,1.1968,1.18834,1.18886
4,2015-01-07,1.18889,1.18957,1.18013,1.18387
5,2015-01-08,1.18386,1.18466,1.17534,1.1791
6,2015-01-09,1.17908,1.18452,1.17617,1.18396
7,2015-01-12,1.18452,1.187,1.17853,1.18331
8,2015-01-13,1.18321,1.18589,1.17526,1.17719
9,2015-01-14,1.17715,1.18456,1.17266,1.17878
10,2015-01-15,1.17887,1.17918,1.1567,1.16314
11,2015-01-16,1.16315,1.1648,1.14591,1.15601
12,2015-01-19,1.15507,1.16381,1.15499,1.16062
13,2015-01-20,1.16059,1.16141,1.15395,1.15488
14,2015-01-21,1.1549,1.16791,1.15406,1.16088
15,2015-01-22,1.16092,1.16504,1.13154,1.13645
16,2015-01-23,1.13646,1.13734,1.11137,1.12042
17,2015-01-26,1.11485,1.12946,1.10969,1.12376
18,2015-01-27,1.1238,1.14218,1.12228,1.13797
19,2015-01-28,1.13801,1.13822,1.12754,1.12862
20,2015-01-29,1.12865,1.13671,1.12612,1.13187
21,2015-01-30,1.13188,1.1363,1.12772,1.12817
22,2015-02-02,1.13098,1.13613,1.12915,1.13404
23,2015-02-03,1.13399,1.15328,1.13116,1.14796
24,2015-02-04,1.14807,1.14841,1.13148,1.1344
25,2015-02-05,1.13444,1.14981,1.13032,1.14761
26,2015-02-06,1.14759,1.14852,1.1311,1.13133
27,2015-02-09,1.12956,1.13586,1.12694,1.13232
28,2015-02-10,1.13233,1.13446,1.12721,1.13198
29,2015-02-11,1.13196,1.13466,1.1279,1.13341
30,2015-02-12,1.13317,1.14223,1.13011,1.14018
31,2015-02-13,1.14015,1.14422,1.13791,1.13882
32,2015-02-16,1.1395,1.14283,1.13186,1.13522
33,2015-02-17,1.13528,1.1448,1.1321,1.14098
34,2015-02-18,1.14103,1.14153,1.1333,1.13961
35,2015-02-19,1.13963,1.14496,1.13544,1.13669
36,2015-02-20,1.1367,1.14287,1.1278,1.13788
37,2015-02-23,1.13885,1.13952,1.12945,1.13335
38,2015-02-24,1.13333,1.13573,1.12874,1.13396
39,2015-02-25,1.13397,1.13881,1.1335,1.13601
40,2015-02-26,1.13594,1.1379,1.11828,1.11967
41,2015-02-27,1.11965,1.12445,1.11751,1.11943
42,2015-03-02,1.11772,1.12399,1.11593,1.11835
43,2015-03-03,1.11831,1.12168,1.11538,1.1175
44,2015-03-04,1.11753,1.11847,1.10607,1.10772
45,2015-03-05,1.10771,1.11136,1.09867,1.10285
46,2015-03-06,1.10265,1.10321,1.08385,1.08453
47,2015-03-09,1.08302,1.09057,1.08219,1.0852
48,2015-03-10,1.08523,1.08557,1.06665,1.06791
49,2015-03-11,1.0679,1.07162,1.05105,1.0544
50,2015-03-12,1.05439,1.06807,1.04933,1.06238
51,2015-03-13,1.06238,1.0634,1.04616,1.04936
52,2015-03-16,1.0486,1.06186,1.04787,1.05664
53,2015-03-17,1.05663,1.065,1.05505,1.05967
54,2015-03-18,1.05967,1.10412,1.05792,1.08285
55,2015-03-19,1.08278,1.09185,1.0612,1.0656
56,2015-03-20,1.06562,1.08813,1.06546,1.08142
57,2015-03-23,1.08674,1.09705,1.07666,1.09445
58,2015-03-24,1.09448,1.10284,1.08897,1.09181
59,2015-03-25,1.09181,1.10138,1.08998,1.0971
60,2015-03-26,1.09716,1.10513,1.08557,1.0874
61,2015-03-27,1.0874,1.09481,1.08003,1.08909
62,2015-03-30,1.08847,1.08944,1.08091,1.08319
63,2015-03-31,1.08317,1.08446,1.07122,1.0731
64,2015-04-01,1.07309,1.07989,1.07178,1.07624
65,2015-04-02,1.07624,1.09045,1.07496,1.0879
66,2015-04-03,1.08794,1.10263,1.08632,1.09726
67,2015-04-06,1.10001,1.10349,1.09089,1.09217
68,2015-04-07,1.09216,1.09541,1.08025,1.08141
69,2015-04-08,1.08137,1.08868,1.07626,1.07794
70,2015-04-09,1.07794,1.07879,1.06369,1.06584
71,2015-04-10,1.06582,1.06829,1.05671,1.06031
72,2015-04-13,1.0584,1.06185,1.05196,1.0566
73,2015-04-14,1.05662,1.07067,1.05306,1.06537
74,2015-04-15,1.06532,1.07015,1.057,1.06832
75,2015-04-16,1.06837,1.0817,1.06237,1.07601
76,2015-04-17,1.07606,1.08482,1.0733,1.08033
77,2015-04-20,1.08173,1.082,1.07113,1.07365
78,2015-04-21,1.07365,1.07806,1.0659,1.07347
79,2015-04-22,1.07347,1.08,1.07077,1.0724
80,2015-04-23,1.07242,1.08452,1.06653,1.08233
81,2015-04-24,1.08234,1.08992,1.07839,1.0872
82,2015-04-27,1.08626,1.09258,1.08185,1.08906
83,2015-04-28,1.08905,1.09901,1.08591,1.09801
84,2015-04-29,1.09801,1.11871,1.09588,1.11275
85,2015-04-30,1.11276,1.12656,1.10705,1.1223
86,2015-05-01,1.12234,1.12894,1.11737,1.11958
87,2015-05-04,1.11908,1.12239,1.11219,1.1145
88,2015-05-05,1.11443,1.12222,1.10655,1.11846
89,2015-05-06,1.11842,1.13693,1.11741,1.1346
90,2015-05-07,1.13461,1.1391,1.12365,1.12656
91,2015-05-08,1.12652,1.12888,1.11783,1.12091
92,2015-05-11,1.11966,1.12057,1.11302,1.11539
93,2015-05-12,1.11544,1.12781,1.11337,1.12118
94,2015-05-13,1.12122,1.1382,1.12018,1.13532
95,2015-05-14,1.13529,1.1444,1.13399,1.14086
96,2015-05-15,1.14086,1.14662,1.13231,1.14455
97,2015-05-18,1.14455,1.1449,1.12979,1.13141
98,2015-05-19,1.13142,1.13256,1.1118,1.11488
99,2015-05-20,1.11489,1.11514,1.10615,1.10928
100,2015-05-21,1.10923,1.11805,1.10792,1.11108
101,2015-05-22,1.11096,1.12076,1.10013,1.10103
102,2015-05-25,1.10008,1.1009,1.09582,1.09771
103,2015-05-26,1.09765,1.09808,1.08625,1.08716
104,2015-05-27,1.08735,1.09284,1.08183,1.09032
105,2015-05-28,1.09031,1.09581,1.08664,1.09478
106,2015-05-29,1.09478,1.10055,1.0925,1.09926
107,2015-06-01,1.09796,1.09884,1.08863,1.09258
108,2015-06-02,1.0926,1.11936,1.09153,1.11496
109,2015-06-03,1.115,1.12844,1.10786,1.12732
110,2015-06-04,1.12731,1.13791,1.12228,1.12371
111,2015-06-05,1.12369,1.12794,1.10486,1.11136
112,2015-06-08,1.10957,1.13063,1.10833,1.12905
113,2015-06-09,1.12905,1.13449,1.12133,1.12815
114,2015-06-10,1.12819,1.13857,1.12591,1.13228
115,2015-06-11,1.1323,1.1331,1.11813,1.12566
116,2015-06-12,1.12568,1.12957,1.11504,1.12633
117,2015-06-15,1.121,1.12937,1.11885,1.12819
118,2015-06-16,1.12828,1.13291,1.12041,1.12467
119,2015-06-17,1.12467,1.13571,1.12045,1.13364
120,2015-06-18,1.13356,1.14354,1.13296,1.13577
121,2015-06-19,1.13571,1.13959,1.12912,1.13466
122,2015-06-22,1.13757,1.14097,1.13109,1.13395
123,2015-06-23,1.13399,1.13467,1.11343,1.11667
124,2015-06-24,1.11665,1.12339,1.11539,1.12031
125,2015-06-25,1.12033,1.12271,1.11529,1.12026
126,2015-06-26,1.12026,1.1219,1.11292,1.11704
127,2015-06-29,1.1002,1.12776,1.09532,1.12347
128,2015-06-30,1.12348,1.12438,1.11117,1.11449
129,2015-07-01,1.11446,1.11706,1.1042,1.10521
130,2015-07-02,1.10527,1.11208,1.10315,1.10826
131,2015-07-03,1.10828,1.1117,1.10643,1.11081
132,2015-07-06,1.0987,1.10948,1.09687,1.10549
133,2015-07-07,1.10552,1.1058,1.09156,1.101
134,2015-07-08,1.10106,1.1092,1.09734,1.10753
135,2015-07-09,1.10754,1.11243,1.09907,1.10351
136,2015-07-10,1.10354,1.12153,1.10293,1.11525
137,2015-07-13,1.10918,1.11964,1.09948,1.1
138,2015-07-14,1.09999,1.10838,1.09647,1.10076
139,2015-07-15,1.10077,1.10349,1.09291,1.09453
140,2015-07-16,1.09455,1.09618,1.08548,1.08738
141,2015-07-17,1.08738,1.09063,1.08275,1.08285
142,2015-07-20,1.08275,1.08694,1.08078,1.08241
143,2015-07-21,1.08242,1.0968,1.08108,1.09339
144,2015-07-22,1.09333,1.0966,1.08689,1.09278
145,2015-07-23,1.09279,1.10172,1.0921,1.09846
146,2015-07-24,1.09845,1.09951,1.09246,1.09758
147,2015-07-27,1.09806,1.11287,1.09682,1.10871
148,2015-07-28,1.10878,1.1099,1.10214,1.10593
149,2015-07-29,1.10589,1.10832,1.09663,1.09826
150,2015-07-30,1.0983,1.09886,1.08924,1.09312
151,2015-07-31,1.09313,1.11134,1.09204,1.09828
152,2015-08-03,1.09704,1.09952,1.09405,1.09494
153,2015-08-04,1.09489,1.09868,1.08783,1.08802
154,2015-08-05,1.08801,1.09381,1.08474,1.09049
155,2015-08-06,1.09049,1.09429,1.08729,1.09243
156,2015-08-07,1.0924,1.09775,1.08545,1.09624
157,2015-08-10,1.09627,1.10407,1.09246,1.10177
158,2015-08-11,1.10185,1.10875,1.09598,1.10409
159,2015-08-12,1.1041,1.12132,1.10236,1.11565
160,2015-08-13,1.11566,1.11882,1.10792,1.1149
161,2015-08-14,1.11485,1.1188,1.10971,1.11104
162,2015-08-17,1.11156,1.11241,1.10579,1.10767
163,2015-08-18,1.10767,1.10931,1.10163,1.1023
164,2015-08-19,1.1023,1.11336,1.10167,1.11187
165,2015-08-20,1.11187,1.1244,1.11062,1.12411
166,2015-08-21,1.12407,1.13878,1.12285,1.13846
167,2015-08-24,1.13739,1.17132,1.13686,1.16177
168,2015-08-25,1.16174,1.16211,1.13954,1.15157
169,2015-08-26,1.15159,1.15607,1.12907,1.13126
170,2015-08-27,1.13133,1.13637,1.12022,1.12448
171,2015-08-28,1.12441,1.1309,1.11552,1.118
172,2015-08-31,1.11708,1.12618,1.11688,1.121
173,2015-09-01,1.12096,1.13314,1.12075,1.1314
174,2015-09-02,1.1314,1.13188,1.12157,1.12264
175,2015-09-03,1.12265,1.12427,1.10864,1.11217
176,2015-09-04,1.11218,1.11875,1.1091,1.11498
177,2015-09-07,1.11637,1.11769,1.11207,1.11686
178,2015-09-08,1.1169,1.12287,1.11517,1.12016
179,2015-09-09,1.12017,1.12155,1.11309,1.1206
180,2015-09-10,1.12063,1.12946,1.1171,1.12787
181,2015-09-11,1.12788,1.13487,1.12534,1.13333
182,2015-09-14,1.133,1.13724,1.12827,1.13156
183,2015-09-15,1.13157,1.13281,1.12576,1.12686
184,2015-09-16,1.12688,1.13198,1.12133,1.12886
185,2015-09-17,1.12885,1.14405,1.12838,1.14332
186,2015-09-18,1.14334,1.14594,1.12687,1.12982
187,2015-09-21,1.12798,1.13296,1.11805,1.11884
188,2015-09-22,1.11882,1.12068,1.11125,1.11189
189,2015-09-23,1.11189,1.12127,1.11044,1.11847
190,2015-09-24,1.1186,1.12952,1.11638,1.12289
191,2015-09-25,1.12289,1.12333,1.11154,1.1196
192,2015-09-28,1.11841,1.12469,1.11458,1.12435
193,2015-09-29,1.12433,1.12807,1.11931,1.12483
194,2015-09-30,1.12483,1.12606,1.11564,1.11753
195,2015-10-01,1.11754,1.12083,1.11342,1.11935
196,2015-10-02,1.11936,1.13176,1.11496,1.12089
197,2015-10-05,1.12163,1.12885,1.11727,1.1187
198,2015-10-06,1.11872,1.12788,1.11711,1.1271
199,2015-10-07,1.12719,1.12834,1.12107,1.1237
200,2015-10-08,1.12365,1.13265,1.12338,1.12752
201,2015-10-09,1.12752,1.13864,1.12663,1.13584
202,2015-10-12,1.13604,1.13961,1.13533,1.13571
203,2015-10-13,1.13572,1.14103,1.13435,1.13781
204,2015-10-14,1.13781,1.14883,1.13766,1.14728
205,2015-10-15,1.14725,1.14944,1.13623,1.13822
206,2015-10-16,1.13799,1.13946,1.13335,1.13492
207,2015-10-19,1.13563,1.13782,1.1305,1.1325
208,2015-10-20,1.13258,1.13863,1.13232,1.13451
209,2015-10-21,1.13446,1.13767,1.13334,1.13379
210,2015-10-22,1.13379,1.13504,1.10995,1.11076
211,2015-10-23,1.11077,1.1139,1.09959,1.10163
212,2015-10-26,1.10066,1.10676,1.10032,1.10524
213,2015-10-27,1.10521,1.1078,1.10295,1.10456
214,2015-10-28,1.10457,1.10951,1.08961,1.09262
215,2015-10-29,1.09266,1.09859,1.09019,1.09854
216,2015-10-30,1.09854,1.10718,1.09648,1.10028
217,2015-11-02,1.10338,1.10518,1.09995,1.1015
218,2015-11-03,1.1015,1.10294,1.09354,1.0962
219,2015-11-04,1.09624,1.09671,1.08434,1.08644
220,2015-11-05,1.08647,1.08966,1.0833,1.0883
221,2015-11-06,1.08827,1.0893,1.07054,1.07426
222,2015-11-09,1.07274,1.07893,1.07189,1.07505
223,2015-11-10,1.07505,1.07633,1.06735,1.07233
224,2015-11-11,1.07234,1.07729,1.07049,1.07424
225,2015-11-12,1.07424,1.08292,1.06904,1.08127
226,2015-11-13,1.08128,1.08161,1.07137,1.07689
227,2015-11-16,1.07381,1.07573,1.06738,1.06855
228,2015-11-17,1.06855,1.06899,1.06299,1.06408
229,2015-11-18,1.06409,1.06918,1.06162,1.06586
230,2015-11-19,1.06586,1.07623,1.06546,1.07329
231,2015-11-20,1.07328,1.07375,1.06391,1.0646
232,2015-11-23,1.06363,1.0656,1.05919,1.06353
233,2015-11-24,1.06351,1.06725,1.06188,1.0642
234,2015-11-25,1.06421,1.06884,1.05651,1.06237
235,2015-11-26,1.06238,1.06267,1.05992,1.06096
236,2015-11-27,1.06086,1.06373,1.05678,1.05915
237,2015-11-30,1.05879,1.05944,1.05572,1.05638
238,2015-12-01,1.0564,1.06364,1.05621,1.06313
239,2015-12-02,1.06314,1.06357,1.055,1.06138
240,2015-12-03,1.06136,1.09804,1.05214,1.09387
241,2015-12-04,1.09388,1.09554,1.08353,1.08761
242,2015-12-07,1.08706,1.08868,1.07952,1.08363
243,2015-12-08,1.08364,1.09018,1.08293,1.08906
244,2015-12-09,1.08911,1.10423,1.08785,1.10242
245,2015-12-10,1.10243,1.10244,1.09243,1.09396
246,2015-12-11,1.09397,1.10304,1.09257,1.09919
247,2015-12-14,1.09828,1.10479,1.09448,1.09904
248,2015-12-15,1.09904,1.10589,1.09039,1.09274
249,2015-12-16,1.0929,1.10112,1.08872,1.09104
250,2015-12-17,1.09104,1.09132,1.08018,1.08248
251,2015-12-18,1.08249,1.08738,1.08041,1.08665
252,2015-12-21,1.08514,1.09382,1.08457,1.0914
253,2015-12-22,1.09138,1.09833,1.09016,1.09556
254,2015-12-23,1.09557,1.09564,1.0869,1.0909
255,2015-12-24,1.09087,1.09671,1.09027,1.09494
256,2015-12-25,1.09087,1.09671,1.09027,1.09494
257,2015-12-28,1.09502,1.09917,1.0948,1.0966
258,2015-12-29,1.09661,1.09909,1.08983,1.09186
259,2015-12-30,1.09186,1.0943,1.0901,1.09309
260,2015-12-31,1.0931,1.09363,1.08521,1.08601
261,2016-01-01,1.0931,1.09363,1.08521,1.08601
262,2016-01-04,1.08712,1.09457,1.07803,1.08301
263,2016-01-05,1.08295,1.0838,1.07099,1.07475
264,2016-01-06,1.07471,1.07989,1.07132,1.078
265,2016-01-07,1.07801,1.09394,1.07703,1.09311
266,2016-01-08,1.09316,1.09329,1.08024,1.09249
267,2016-01-11,1.09173,1.09685,1.08472,1.08581
268,2016-01-12,1.08581,1.08995,1.08189,1.0857
269,2016-01-13,1.08571,1.08869,1.08041,1.08759
270,2016-01-14,1.0876,1.09423,1.08338,1.08643
271,2016-01-15,1.08642,1.09839,1.08538,1.09123
272,2016-01-18,1.09208,1.0927,1.08681,1.08908
273,2016-01-19,1.08907,1.09381,1.08586,1.09061
274,2016-01-20,1.09061,1.09752,1.08764,1.08874
275,2016-01-21,1.08865,1.09204,1.0777,1.08721
276,2016-01-22,1.08721,1.08758,1.07884,1.07957
277,2016-01-25,1.07904,1.08561,1.07884,1.0849
278,2016-01-26,1.08487,1.08736,1.0818,1.08665
279,2016-01-27,1.08698,1.09157,1.08498,1.08922
280,2016-01-28,1.08923,1.09668,1.08689,1.0939
281,2016-01-29,1.09391,1.09479,1.08092,1.08299
282,2016-02-01,1.08306,1.0912,1.08138,1.08871
283,2016-02-02,1.08871,1.09392,1.08842,1.09176
284,2016-02-03,1.09176,1.11448,1.09029,1.11043
285,2016-02-04,1.11044,1.1238,1.10688,1.12071
286,2016-02-05,1.12073,1.12452,1.1108,1.11571
287,2016-02-08,1.11413,1.12151,1.10858,1.11918
288,2016-02-09,1.11917,1.13375,1.11616,1.12918
289,2016-02-10,1.12922,1.13107,1.11596,1.12908
290,2016-02-11,1.12913,1.13757,1.12731,1.13234
291,2016-02-12,1.13234,1.1333,1.12133,1.1253
292,2016-02-15,1.12331,1.12492,1.11272,1.11531
293,2016-02-16,1.11533,1.11923,1.11235,1.1143
294,2016-02-17,1.11426,1.11783,1.11051,1.11271
295,2016-02-18,1.11272,1.11488,1.10702,1.11066
296,2016-02-19,1.11054,1.11385,1.10659,1.11286
297,2016-02-22,1.11104,1.1124,1.10023,1.10294
298,2016-02-23,1.10294,1.1052,1.09893,1.10186
299,2016-02-24,1.10186,1.10458,1.09562,1.10127
300,2016-02-25,1.10115,1.10493,1.0986,1.10166
301,2016-02-26,1.10165,1.10674,1.0911,1.09267
302,2016-02-29,1.09123,1.0962,1.08585,1.08718
303,2016-03-01,1.0872,1.08927,1.08334,1.08662
304,2016-03-02,1.08665,1.08803,1.08248,1.08673
305,2016-03-03,1.08671,1.0972,1.08528,1.09548
306,2016-03-04,1.09553,1.10427,1.09024,1.10104
307,2016-03-07,1.09861,1.1025,1.09392,1.10134
308,2016-03-08,1.10126,1.10572,1.09928,1.101
309,2016-03-09,1.10101,1.10341,1.09453,1.09976
310,2016-03-10,1.09978,1.12172,1.08213,1.11766
311,2016-03-11,1.11766,1.12089,1.10796,1.11473
312,2016-03-14,1.1144,1.11754,1.10768,1.11004
313,2016-03-15,1.11007,1.11244,1.10709,1.1105
314,2016-03-16,1.11047,1.12415,1.10571,1.12114
315,2016-03-17,1.12115,1.13416,1.12045,1.13145
316,2016-03-18,1.13135,1.13361,1.12553,1.12709
317,2016-03-21,1.12665,1.1284,1.12337,1.12382
318,2016-03-22,1.12383,1.12592,1.11875,1.12151
319,2016-03-23,1.12152,1.12227,1.11586,1.1179
320,2016-03-24,1.11797,1.11868,1.11435,1.11783
321,2016-03-25,1.11783,1.11786,1.11528,1.11656
322,2016-03-28,1.11598,1.12193,1.11521,1.11957
323,2016-03-29,1.11959,1.13027,1.11682,1.12869
324,2016-03-30,1.12866,1.13646,1.12824,1.13361
325,2016-03-31,1.13357,1.14111,1.13094,1.13777
326,2016-04-01,1.13776,1.14372,1.13341,1.13916
327,2016-04-04,1.13997,1.14118,1.13566,1.13877
328,2016-04-05,1.13846,1.14044,1.1335,1.13825
329,2016-04-06,1.13817,1.14309,1.13259,1.1396
330,2016-04-07,1.13963,1.14533,1.13367,1.13767
331,2016-04-08,1.13767,1.14186,1.13482,1.13941
332,2016-04-11,1.14161,1.14466,1.13713,1.14051
333,2016-04-12,1.14026,1.14639,1.1345,1.13834
334,2016-04-13,1.13826,1.13903,1.12671,1.12722
335,2016-04-14,1.12718,1.12939,1.12331,1.12644
336,2016-04-15,1.12647,1.13162,1.12448,1.12824
337,2016-04-18,1.13006,1.13313,1.12729,1.13108
338,2016-04-19,1.13095,1.13839,1.13027,1.13562
339,2016-04-20,1.13561,1.13872,1.12896,1.1294
340,2016-04-21,1.12935,1.13956,1.12684,1.1286
341,2016-04-22,1.12855,1.13078,1.12174,1.12217
342,2016-04-25,1.12151,1.12775,1.12144,1.12662
343,2016-04-26,1.12618,1.13388,1.12555,1.12947
344,2016-04-27,1.12945,1.13603,1.12707,1.1319
345,2016-04-28,1.13197,1.13671,1.12954,1.13508
346,2016-04-29,1.13474,1.14585,1.13458,1.1449
347,2016-05-02,1.14597,1.15352,1.14475,1.15313
348,2016-05-03,1.15312,1.16155,1.14945,1.14955
349,2016-05-04,1.14954,1.15287,1.14657,1.14855
350,2016-05-05,1.14856,1.1493,1.13852,1.14043
351,2016-05-06,1.14041,1.14789,1.13858,1.14014
352,2016-05-09,1.13952,1.14191,1.13747,1.13814
353,2016-05-10,1.13827,1.14091,1.13579,1.13713
354,2016-05-11,1.13713,1.14458,1.13682,1.14253
355,2016-05-12,1.1425,1.14284,1.13698,1.13761
356,2016-05-13,1.13754,1.13788,1.12822,1.1308
357,2016-05-16,1.13107,1.13415,1.13015,1.13185
358,2016-05-17,1.13193,1.13478,1.13008,1.13129
359,2016-05-18,1.13131,1.13153,1.12136,1.12152
360,2016-05-19,1.12151,1.12292,1.11792,1.1202
361,2016-05-20,1.12019,1.12365,1.11956,1.1223
362,2016-05-23,1.12079,1.1242,1.11868,1.12194
363,2016-05-24,1.12191,1.12262,1.11316,1.11397
364,2016-05-25,1.11397,1.11661,1.11281,1.11541
365,2016-05-26,1.11542,1.12159,1.11487,1.11928
366,2016-05-27,1.11929,1.11999,1.111,1.11116
367,2016-05-30,1.11126,1.11439,1.10972,1.11377
368,2016-05-31,1.11374,1.11727,1.11214,1.11308
369,2016-06-01,1.11306,1.11932,1.11134,1.11877
370,2016-06-02,1.11878,1.12193,1.11446,1.11499
371,2016-06-03,1.11496,1.13728,1.11359,1.13665
372,2016-06-06,1.13552,1.13918,1.13249,1.13527
373,2016-06-07,1.13532,1.13798,1.13379,1.13575
374,2016-06-08,1.13569,1.14099,1.13538,1.13934
375,2016-06-09,1.13911,1.14147,1.13048,1.13158
376,2016-06-10,1.13156,1.13206,1.12446,1.12499
377,2016-06-13,1.12487,1.13024,1.12313,1.12892
378,2016-06-14,1.12911,1.12976,1.11881,1.12061
379,2016-06-15,1.12052,1.12978,1.1189,1.12598
380,2016-06-16,1.12591,1.1294,1.11302,1.12235
381,2016-06-17,1.12241,1.12955,1.12221,1.12751
382,2016-06-20,1.13309,1.13817,1.13013,1.1313
383,2016-06-21,1.13131,1.13488,1.12404,1.12414
384,2016-06-22,1.12414,1.13369,1.12358,1.1294
385,2016-06-23,1.12942,1.14205,1.12941,1.13841
386,2016-06-24,1.13841,1.14273,1.09095,1.11139
387,2016-06-27,1.10112,1.10828,1.09699,1.10218
388,2016-06-28,1.10221,1.1111,1.10091,1.10627
389,2016-06-29,1.10633,1.11295,1.10484,1.11217
390,2016-06-30,1.11228,1.11537,1.10235,1.11064
391,2016-07-01,1.11054,1.11686,1.10713,1.11378
392,2016-07-04,1.11281,1.11587,1.10971,1.11521
393,2016-07-05,1.11526,1.11852,1.10615,1.10747
394,2016-07-06,1.10749,1.11108,1.1028,1.10999
395,2016-07-07,1.10993,1.11063,1.10518,1.10604
396,2016-07-08,1.10618,1.11198,1.10013,1.10503
397,2016-07-11,1.10491,1.10737,1.10149,1.10568
398,2016-07-12,1.10566,1.11255,1.10513,1.10595
399,2016-07-13,1.10592,1.1119,1.10414,1.10884
400,2016-07-14,1.10876,1.1164,1.10865,1.11177
401,2016-07-15,1.1118,1.11481,1.10239,1.10338
402,2016-07-18,1.10482,1.10834,1.10367,1.10746
403,2016-07-19,1.10744,1.10796,1.09991,1.10198
404,2016-07-20,1.10205,1.10294,1.09806,1.10126
405,2016-07-21,1.10125,1.106,1.09786,1.10253
406,2016-07-22,1.10253,1.10402,1.09546,1.09761
407,2016-07-25,1.09708,1.09983,1.09513,1.09939
408,2016-07-26,1.09942,1.1029,1.09776,1.0985
409,2016-07-27,1.0985,1.10645,1.09606,1.10568
410,2016-07-28,1.1057,1.11188,1.10516,1.1077
411,2016-07-29,1.10764,1.11968,1.10719,1.11748
412,2016-08-01,1.11741,1.11825,1.11544,1.11603
413,2016-08-02,1.11602,1.1233,1.11577,1.12221
414,2016-08-03,1.12227,1.12264,1.11398,1.11481
415,2016-08-04,1.11473,1.11556,1.11131,1.1128
416,2016-08-05,1.1128,1.11606,1.1045,1.10874
417,2016-08-08,1.10791,1.11043,1.10713,1.10866
418,2016-08-09,1.10873,1.11218,1.10698,1.11154
419,2016-08-10,1.11161,1.11894,1.11116,1.11743
420,2016-08-11,1.11746,1.11909,1.11345,1.11362
421,2016-08-12,1.11361,1.12205,1.11304,1.11628
422,2016-08-15,1.11664,1.12028,1.11528,1.11821
423,2016-08-16,1.11823,1.13218,1.11766,1.12776
424,2016-08-17,1.12774,1.13153,1.12398,1.12882
425,2016-08-18,1.12882,1.13656,1.12836,1.13532
426,2016-08-19,1.13531,1.13589,1.13035,1.13237
427,2016-08-22,1.13083,1.13299,1.12703,1.13188
428,2016-08-23,1.13188,1.13543,1.13024,1.13036
429,2016-08-24,1.13039,1.13107,1.12445,1.12624
430,2016-08-25,1.12629,1.12968,1.12585,1.12818
431,2016-08-26,1.12818,1.13402,1.11799,1.11928
432,2016-08-29,1.11769,1.1207,1.11572,1.11878
433,2016-08-30,1.11878,1.11915,1.11313,1.11412
434,2016-08-31,1.11412,1.11647,1.11224,1.11566
435,2016-09-01,1.11567,1.12045,1.11268,1.11958
436,2016-09-02,1.11958,1.12514,1.11497,1.11538
437,2016-09-05,1.11566,1.11816,1.11388,1.11461
438,2016-09-06,1.11461,1.12623,1.11397,1.12545
439,2016-09-07,1.12544,1.12708,1.1228,1.12384
440,2016-09-08,1.12383,1.13264,1.12338,1.12592
441,2016-09-09,1.12593,1.12844,1.11977,1.12305
442,2016-09-12,1.12355,1.12675,1.12097,1.12338
443,2016-09-13,1.12338,1.12598,1.12032,1.12189
444,2016-09-14,1.12189,1.12732,1.12096,1.12479
445,2016-09-15,1.12483,1.12829,1.12184,1.12404
446,2016-09-16,1.1242,1.12492,1.11487,1.11558
447,2016-09-19,1.1152,1.11972,1.115,1.11728
448,2016-09-20,1.1173,1.12127,1.11492,1.11499
449,2016-09-21,1.11498,1.11959,1.11224,1.1188
450,2016-09-22,1.11882,1.12565,1.1184,1.12066
451,2016-09-23,1.12068,1.12398,1.11931,1.12252
452,2016-09-26,1.1229,1.12783,1.12203,1.12526
453,2016-09-27,1.1253,1.1258,1.11902,1.12137
454,2016-09-28,1.12124,1.1236,1.11811,1.12162
455,2016-09-29,1.12164,1.12489,1.1196,1.12205
456,2016-09-30,1.12211,1.12499,1.11526,1.12402
457,2016-10-03,1.12275,1.12434,1.12045,1.12105
458,2016-10-04,1.12103,1.12381,1.11372,1.12038
459,2016-10-05,1.12038,1.12326,1.11889,1.12031
460,2016-10-06,1.12037,1.12117,1.11391,1.11462
461,2016-10-07,1.11473,1.12041,1.11036,1.1201
462,2016-10-10,1.11786,1.12026,1.11306,1.11369
463,2016-10-11,1.11368,1.11416,1.10481,1.10529
464,2016-10-12,1.1053,1.10669,1.10037,1.10064
465,2016-10-13,1.10063,1.10568,1.09848,1.10548
466,2016-10-14,1.10544,1.10576,1.09699,1.09702
467,2016-10-17,1.09681,1.10071,1.09631,1.09983
468,2016-10-18,1.09983,1.10256,1.09693,1.09796
469,2016-10-19,1.09796,1.1004,1.09542,1.09727
470,2016-10-20,1.09726,1.10385,1.0915,1.09284
471,2016-10-21,1.09285,1.09289,1.08585,1.08826
472,2016-10-24,1.08804,1.08989,1.08588,1.08799
473,2016-10-25,1.08806,1.09042,1.08502,1.08875
474,2016-10-26,1.08872,1.09457,1.08737,1.0907
475,2016-10-27,1.09067,1.09414,1.08817,1.08927
476,2016-10-28,1.08946,1.0991,1.08923,1.09858
477,2016-10-31,1.09837,1.09898,1.09352,1.09759
478,2016-11-01,1.09758,1.10682,1.09593,1.10563
479,2016-11-02,1.10565,1.11223,1.10489,1.10946
480,2016-11-03,1.10953,1.11251,1.1059,1.11057
481,2016-11-04,1.11057,1.11391,1.10792,1.11385
482,2016-11-07,1.10593,1.11094,1.10266,1.10394
483,2016-11-08,1.10393,1.10662,1.10081,1.10234
484,2016-11-09,1.10248,1.12988,1.09064,1.09083
485,2016-11-10,1.09083,1.09528,1.08641,1.08891
486,2016-11-11,1.08885,1.09228,1.08296,1.08555
487,2016-11-14,1.08316,1.08405,1.07083,1.07363
488,2016-11-15,1.0736,1.08158,1.07133,1.07215
489,2016-11-16,1.07217,1.07588,1.06654,1.06898
490,2016-11-17,1.06898,1.07447,1.06192,1.06251
491,2016-11-18,1.06232,1.0642,1.05684,1.05869
492,2016-11-21,1.05926,1.06484,1.05779,1.06264
493,2016-11-22,1.06256,1.06572,1.05829,1.06246
494,2016-11-23,1.06255,1.06428,1.05253,1.05513
495,2016-11-24,1.05513,1.05845,1.05172,1.05511
496,2016-11-25,1.0552,1.06267,1.05377,1.05889
497,2016-11-28,1.06097,1.06849,1.05628,1.06132
498,2016-11-29,1.06132,1.06536,1.05641,1.06485
499,2016-11-30,1.06485,1.06658,1.05519,1.05872
500,2016-12-01,1.05872,1.06679,1.05838,1.06608
501,2016-12-02,1.06606,1.06891,1.06244,1.06606
502,2016-12-05,1.06611,1.07958,1.05051,1.07632
503,2016-12-06,1.07631,1.07845,1.06978,1.07177
504,2016-12-07,1.07166,1.07676,1.07091,1.07514
505,2016-12-08,1.07523,1.0873,1.05965,1.06142
506,2016-12-09,1.06142,1.06289,1.05302,1.05599
507,2016-12-12,1.05317,1.06509,1.05245,1.06336
508,2016-12-13,1.0633,1.06664,1.0603,1.06239
509,2016-12-14,1.06233,1.06692,1.04953,1.05347
510,2016-12-15,1.05348,1.05385,1.03656,1.04128
511,2016-12-16,1.04126,1.04734,1.03999,1.04492
512,2016-12-19,1.04372,1.04787,1.03918,1.04013
513,2016-12-20,1.04008,1.04172,1.03515,1.03871
514,2016-12-21,1.0387,1.04505,1.03817,1.04233
515,2016-12-22,1.04232,1.04986,1.04225,1.04355
516,2016-12-23,1.04353,1.04679,1.04257,1.04553
517,2016-12-26,1.04644,1.0465,1.04392,1.04538
518,2016-12-27,1.04546,1.04626,1.04315,1.04555
519,2016-12-28,1.04555,1.0479,1.03713,1.04126
520,2016-12-29,1.04127,1.0493,1.04078,1.04877
521,2016-12-30,1.04857,1.06517,1.04821,1.05282
522,2017-01-02,1.05143,1.05234,1.04495,1.0453
523,2017-01-03,1.0453,1.04894,1.03395,1.04043
524,2017-01-04,1.04044,1.04991,1.03891,1.04875
525,2017-01-05,1.0487,1.06145,1.04799,1.06048
526,2017-01-06,1.06043,1.06207,1.05242,1.05309
527,2017-01-09,1.05296,1.05822,1.05101,1.05734
528,2017-01-10,1.05734,1.06264,1.05501,1.05528
529,2017-01-11,1.05541,1.06221,1.0453,1.05814
530,2017-01-12,1.05816,1.06839,1.05706,1.06115
531,2017-01-13,1.06115,1.0673,1.05954,1.064
532,2017-01-16,1.06036,1.0635,1.05784,1.05991
533,2017-01-17,1.05997,1.07186,1.05958,1.07124
534,2017-01-18,1.07119,1.07146,1.06275,1.06288
535,2017-01-19,1.06285,1.06758,1.05884,1.06631
536,2017-01-20,1.06634,1.07088,1.06243,1.06991
537,2017-01-23,1.07004,1.07683,1.06935,1.07642
538,2017-01-24,1.07643,1.07741,1.07195,1.07303
539,2017-01-25,1.07296,1.07689,1.07105,1.07472
540,2017-01-26,1.07473,1.07649,1.06568,1.06794
541,2017-01-27,1.06797,1.07242,1.06576,1.06958
542,2017-01-30,1.072,1.07394,1.06195,1.06916
543,2017-01-31,1.06923,1.08115,1.06839,1.07964
544,2017-02-01,1.07964,1.08066,1.07285,1.07672
545,2017-02-02,1.07674,1.08281,1.07551,1.07573
546,2017-02-03,1.07572,1.07968,1.07121,1.07853
547,2017-02-06,1.07889,1.07905,1.0705,1.07485
548,2017-02-07,1.07495,1.07496,1.06553,1.06816
549,2017-02-08,1.0682,1.07132,1.06398,1.06973
550,2017-02-09,1.06971,1.07088,1.06501,1.06538
551,2017-02-10,1.06538,1.06669,1.06069,1.06391
552,2017-02-13,1.06275,1.06576,1.05912,1.05965
553,2017-02-14,1.05968,1.06326,1.056,1.05761
554,2017-02-15,1.05761,1.06085,1.05205,1.05985
555,2017-02-16,1.05983,1.06786,1.05902,1.06727
556,2017-02-17,1.06725,1.06759,1.06047,1.06093
557,2017-02-20,1.06074,1.0632,1.06024,1.06128
558,2017-02-21,1.06128,1.06145,1.05249,1.05357
559,2017-02-22,1.05358,1.05732,1.0493,1.05576
560,2017-02-23,1.05571,1.05944,1.05368,1.05802
561,2017-02-24,1.05808,1.06171,1.05559,1.05607
562,2017-02-27,1.05627,1.063,1.05508,1.05863
563,2017-02-28,1.05856,1.06294,1.05678,1.05755
564,2017-03-01,1.05758,1.05885,1.05134,1.05458
565,2017-03-02,1.05456,1.05507,1.04941,1.05058
566,2017-03-03,1.05058,1.06232,1.05011,1.06214
567,2017-03-06,1.06088,1.06394,1.0574,1.05812
568,2017-03-07,1.05812,1.06018,1.05575,1.05649
569,2017-03-08,1.05645,1.05732,1.05341,1.05398
570,2017-03-09,1.05393,1.06145,1.05243,1.05753
571,2017-03-10,1.05753,1.06983,1.05716,1.06738
572,2017-03-13,1.06845,1.07135,1.06514,1.0653
573,2017-03-14,1.06528,1.06617,1.05992,1.06072
574,2017-03-15,1.06073,1.07392,1.06037,1.07355
575,2017-03-16,1.07353,1.07735,1.0705,1.07712
576,2017-03-17,1.07712,1.07815,1.07268,1.07387
577,2017-03-20,1.07385,1.07765,1.07244,1.0736
578,2017-03-21,1.0736,1.08184,1.07185,1.0806
579,2017-03-22,1.08061,1.08239,1.07752,1.07915
580,2017-03-23,1.07918,1.08041,1.07672,1.0782
581,2017-03-24,1.0782,1.08173,1.07596,1.07971
582,2017-03-27,1.08381,1.09052,1.08265,1.08631
583,2017-03-28,1.08631,1.08719,1.07981,1.0812
584,2017-03-29,1.08119,1.08258,1.07392,1.07647
585,2017-03-30,1.07646,1.0769,1.06712,1.06733
586,2017-03-31,1.06733,1.07011,1.06507,1.0657
587,2017-04-03,1.06593,1.06803,1.06416,1.06678
588,2017-04-04,1.06677,1.06763,1.0635,1.06719
589,2017-04-05,1.0672,1.06884,1.06341,1.06615
590,2017-04-06,1.06615,1.06833,1.06282,1.0643
591,2017-04-07,1.06432,1.06641,1.05799,1.05895
592,2017-04-10,1.05874,1.06059,1.05691,1.05947
593,2017-04-11,1.0595,1.06293,1.05778,1.06032
594,2017-04-12,1.06032,1.06744,1.05881,1.0663
595,2017-04-13,1.0663,1.06768,1.06083,1.06123
596,2017-04-14,1.06123,1.06292,1.0605,1.06099
597,2017-04-17,1.06163,1.06698,1.0602,1.06419
598,2017-04-18,1.06418,1.07352,1.06365,1.07296
599,2017-04-19,1.07296,1.07361,1.06992,1.07104
600,2017-04-20,1.07105,1.07768,1.07081,1.07158
601,2017-04-21,1.07158,1.07372,1.06815,1.07235
602,2017-04-24,1.0919,1.09191,1.082,1.08661
603,2017-04-25,1.08659,1.09493,1.08507,1.09246
604,2017-04-26,1.09238,1.095,1.0855,1.09024
605,2017-04-27,1.09029,1.09323,1.08509,1.08715
606,2017-04-28,1.08715,1.09467,1.08562,1.08976
607,2017-05-01,1.09095,1.0923,1.08834,1.08974
608,2017-05-02,1.08973,1.09324,1.08874,1.0928
609,2017-05-03,1.09283,1.09361,1.08821,1.08848
610,2017-05-04,1.08851,1.09864,1.08741,1.09833
611,2017-05-05,1.09829,1.09986,1.09476,1.0998
612,2017-05-08,1.10192,1.10213,1.09155,1.09226
613,2017-05-09,1.09228,1.09328,1.08627,1.08717
614,2017-05-10,1.08718,1.08974,1.08525,1.0866
615,2017-05-11,1.08658,1.08923,1.08384,1.086
616,2017-05-12,1.08599,1.09336,1.0855,1.09315
617,2017-05-15,1.09299,1.09887,1.09219,1.09741
618,2017-05-16,1.09741,1.10964,1.09725,1.10818
619,2017-05-17,1.10817,1.11614,1.10801,1.11579
620,2017-05-18,1.11581,1.11711,1.1075,1.11023
621,2017-05-19,1.11022,1.1211,1.1096,1.12068
622,2017-05-22,1.11949,1.12627,1.11607,1.12363
623,2017-05-23,1.12363,1.12675,1.11743,1.11817
624,2017-05-24,1.11819,1.12192,1.11677,1.12176
625,2017-05-25,1.12176,1.12496,1.1193,1.12092
626,2017-05-26,1.12091,1.12339,1.11598,1.11782
627,2017-05-29,1.11694,1.11891,1.11611,1.11638
628,2017-05-30,1.11636,1.12047,1.11089,1.11852
629,2017-05-31,1.11853,1.12516,1.11638,1.12425
630,2017-06-01,1.12424,1.1256,1.12014,1.12115
631,2017-06-02,1.12113,1.12844,1.12043,1.12798
632,2017-06-05,1.1272,1.1283,1.12335,1.12534
633,2017-06-06,1.12535,1.12834,1.12397,1.12756
634,2017-06-07,1.12756,1.12817,1.12033,1.1255
635,2017-06-08,1.12556,1.12684,1.11939,1.12134
636,2017-06-09,1.12134,1.12363,1.11656,1.11954
637,2017-06-12,1.12066,1.12313,1.11912,1.12015
638,2017-06-13,1.12015,1.1224,1.11845,1.12099
639,2017-06-14,1.12099,1.12951,1.11922,1.12159
640,2017-06-15,1.12166,1.12278,1.11315,1.11428
641,2017-06-16,1.11426,1.12008,1.11377,1.11949
642,2017-06-19,1.12041,1.1212,1.11423,1.11477
643,2017-06-20,1.11478,1.11643,1.11182,1.11334
644,2017-06-21,1.11336,1.11683,1.11265,1.1167
645,2017-06-22,1.11667,1.11771,1.11386,1.11515
646,2017-06-23,1.11515,1.12081,1.11444,1.11922
647,2017-06-26,1.11961,1.1219,1.1171,1.11794
648,2017-06-27,1.11803,1.13486,1.11782,1.13377
649,2017-06-28,1.1336,1.13899,1.12908,1.13762
650,2017-06-29,1.13762,1.14446,1.13737,1.144
651,2017-06-30,1.14401,1.14446,1.13914,1.14203
652,2017-07-03,1.14181,1.14259,1.13543,1.1363
653,2017-07-04,1.13629,1.13762,1.13354,1.1342
654,2017-07-05,1.13416,1.13677,1.13117,1.13501
655,2017-07-06,1.13507,1.14241,1.13291,1.14218
656,2017-07-07,1.14223,1.14392,1.1379,1.14
657,2017-07-10,1.13973,1.14173,1.13809,1.13986
658,2017-07-11,1.13984,1.14789,1.1382,1.14658
659,2017-07-12,1.14657,1.14887,1.13908,1.14108
660,2017-07-13,1.14106,1.14551,1.13698,1.13968
661,2017-07-14,1.13971,1.14712,1.13907,1.14665
662,2017-07-17,1.14713,1.14864,1.1434,1.1477
663,2017-07-18,1.14771,1.15824,1.14707,1.1553
664,2017-07-19,1.15526,1.15562,1.15092,1.15143
665,2017-07-20,1.15138,1.16574,1.14785,1.16298
666,2017-07-21,1.16297,1.16822,1.16182,1.16625
667,2017-07-24,1.1662,1.16834,1.16248,1.16396
668,2017-07-25,1.16397,1.17116,1.16301,1.16453
669,2017-07-26,1.16449,1.17392,1.16117,1.17316
670,2017-07-27,1.17332,1.17759,1.16493,1.16749
671,2017-07-28,1.16749,1.17634,1.16705,1.17488
672,2017-07-31,1.17451,1.18447,1.17223,1.18403
673,2017-08-01,1.18409,1.18434,1.17843,1.18005
674,2017-08-02,1.18006,1.19094,1.17928,1.18545
675,2017-08-03,1.18546,1.18923,1.18297,1.18683
676,2017-08-04,1.18686,1.18885,1.17275,1.17723
677,2017-08-07,1.17729,1.18133,1.17691,1.17942
678,2017-08-08,1.17944,1.1823,1.17145,1.17502
679,2017-08-09,1.17491,1.1763,1.16881,1.17583
680,2017-08-10,1.17583,1.17844,1.17034,1.17695
681,2017-08-11,1.17711,1.18464,1.17478,1.18206
682,2017-08-14,1.18206,1.18377,1.17692,1.17796
683,2017-08-15,1.17796,1.17919,1.16865,1.17328
684,2017-08-16,1.17337,1.1778,1.16806,1.17662
685,2017-08-17,1.17664,1.17892,1.16616,1.17216
686,2017-08-18,1.17217,1.17736,1.17078,1.17584
687,2017-08-21,1.17543,1.18273,1.17304,1.18134
688,2017-08-22,1.1814,1.18236,1.17444,1.17604
689,2017-08-23,1.17604,1.18225,1.17394,1.18053
690,2017-08-24,1.18057,1.1817,1.17834,1.17981
691,2017-08-25,1.17983,1.19404,1.17725,1.19211
692,2017-08-28,1.19427,1.1983,1.19162,1.19779
693,2017-08-29,1.19774,1.20695,1.19457,1.1971
694,2017-08-30,1.19711,1.19834,1.18798,1.18825
695,2017-08-31,1.18825,1.1912,1.18222,1.19083
696,2017-09-01,1.19083,1.19789,1.18492,1.18602
697,2017-09-04,1.18835,1.19213,1.18728,1.18914
698,2017-09-05,1.18916,1.19399,1.18675,1.19115
699,2017-09-06,1.19116,1.19496,1.19021,1.19155
700,2017-09-07,1.19157,1.20587,1.19133,1.20199
701,2017-09-08,1.20196,1.20916,1.20141,1.20312
702,2017-09-11,1.20149,1.20287,1.19471,1.19511
703,2017-09-12,1.19505,1.19776,1.19256,1.1965
704,2017-09-13,1.1965,1.19942,1.18722,1.18839
705,2017-09-14,1.18842,1.19215,1.1837,1.19172
706,2017-09-15,1.19173,1.19864,1.19001,1.19453
707,2017-09-18,1.19206,1.19687,1.19142,1.1949
708,2017-09-19,1.19498,1.20058,1.19486,1.19926
709,2017-09-20,1.19931,1.20324,1.18605,1.18899
710,2017-09-21,1.18896,1.19529,1.18649,1.19396
711,2017-09-22,1.194,1.20037,1.19354,1.19462
712,2017-09-25,1.18976,1.19357,1.18312,1.18461
713,2017-09-26,1.1846,1.18607,1.17567,1.17916
714,2017-09-27,1.17915,1.17946,1.17164,1.17435
715,2017-09-28,1.1743,1.18033,1.17204,1.17844
716,2017-09-29,1.17849,1.18317,1.17718,1.18132
717,2017-10-02,1.17893,1.18143,1.17294,1.17309
718,2017-10-03,1.17301,1.17729,1.16956,1.17426
719,2017-10-04,1.17411,1.1787,1.17343,1.1758
720,2017-10-05,1.17576,1.17782,1.16982,1.17098
721,2017-10-06,1.17095,1.1738,1.16687,1.17326
722,2017-10-09,1.17269,1.17552,1.17188,1.17381
723,2017-10-10,1.17381,1.18246,1.1738,1.18072
724,2017-10-11,1.18073,1.18683,1.17944,1.18567
725,2017-10-12,1.18551,1.1879,1.18262,1.18291
726,2017-10-13,1.18291,1.18741,1.18046,1.18198
727,2017-10-16,1.18119,1.18185,1.17798,1.17947
728,2017-10-17,1.1795,1.17992,1.17354,1.17655
729,2017-10-18,1.17656,1.18045,1.17295,1.1786
730,2017-10-19,1.17858,1.18573,1.17673,1.18515
731,2017-10-20,1.18518,1.18572,1.17617,1.17788
732,2017-10-23,1.17638,1.17767,1.17242,1.17476
733,2017-10-24,1.17476,1.17921,1.1742,1.17602
734,2017-10-25,1.17592,1.18169,1.17522,1.18115
735,2017-10-26,1.1811,1.1836,1.16395,1.16493
736,2017-10-27,1.16493,1.16564,1.15737,1.16078
737,2017-10-30,1.16058,1.16571,1.1593,1.16485
738,2017-10-31,1.16484,1.16606,1.16244,1.16451
739,2017-11-01,1.16453,1.16565,1.16056,1.16215
740,2017-11-02,1.16214,1.16865,1.16122,1.16554
741,2017-11-03,1.1656,1.16893,1.15984,1.16073
742,2017-11-06,1.16064,1.16234,1.15795,1.16073
743,2017-11-07,1.16049,1.16148,1.15533,1.15849
744,2017-11-08,1.15849,1.16103,1.15782,1.15923
745,2017-11-09,1.15929,1.16541,1.15848,1.164
746,2017-11-10,1.164,1.16772,1.16221,1.16633
747,2017-11-13,1.16566,1.16744,1.16366,1.16657
748,2017-11-14,1.16657,1.18042,1.16607,1.17966
749,2017-11-15,1.17966,1.1859,1.1784,1.17894
750,2017-11-16,1.17889,1.18001,1.17558,1.1769
751,2017-11-17,1.1769,1.1821,1.17645,1.17882
752,2017-11-20,1.1784,1.18078,1.17216,1.17316
753,2017-11-21,1.17317,1.1757,1.17125,1.1737
754,2017-11-22,1.1737,1.18261,1.17316,1.18206
755,2017-11-23,1.18194,1.18552,1.18124,1.18461
756,2017-11-24,1.1849,1.19436,1.1836,1.19309
757,2017-11-27,1.19251,1.19603,1.18948,1.18962
758,2017-11-28,1.1896,1.19191,1.18261,1.18359
759,2017-11-29,1.1836,1.1882,1.18166,1.18452
760,2017-11-30,1.1845,1.19307,1.18082,1.19025
761,2017-12-01,1.1903,1.19395,1.185,1.18975
762,2017-12-04,1.18615,1.18778,1.18284,1.18634
763,2017-12-05,1.18637,1.18758,1.17999,1.18248
764,2017-12-06,1.18241,1.18473,1.17798,1.1794
765,2017-12-07,1.1794,1.18138,1.17711,1.17714
766,2017-12-08,1.17711,1.17758,1.17293,1.17725
767,2017-12-11,1.17649,1.1811,1.1762,1.17677
768,2017-12-12,1.17675,1.17918,1.17167,1.174
769,2017-12-13,1.174,1.18307,1.17286,1.18241
770,2017-12-14,1.1825,1.18618,1.177,1.17765
771,2017-12-15,1.17762,1.18116,1.17482,1.17492
772,2017-12-18,1.17401,1.18336,1.17372,1.17805
773,2017-12-19,1.17805,1.18481,1.17759,1.18385
774,2017-12-20,1.18374,1.19009,1.18281,1.18694
775,2017-12-21,1.18691,1.18888,1.18486,1.18717
776,2017-12-22,1.18716,1.18746,1.18161,1.18608
777,2017-12-25,1.18716,1.18746,1.18161,1.18608
778,2017-12-26,1.18672,1.18779,1.18458,1.18571
779,2017-12-27,1.18573,1.19094,1.18543,1.18858
780,2017-12-28,1.18852,1.19582,1.18852,1.19412
781,2017-12-29,1.19411,1.20247,1.19354,1.20011
782,2018-01-01,1.19411,1.20247,1.19354,1.20011
783,2018-01-02,1.20277,1.20805,1.2023,1.20572
784,2018-01-03,1.20575,1.20654,1.20005,1.20134
785,2018-01-04,1.20135,1.20881,1.20037,1.20662
786,2018-01-05,1.20661,1.20819,1.20198,1.20287
787,2018-01-08,1.20266,1.20515,1.19548,1.19651
788,2018-01-09,1.1965,1.19748,1.19148,1.19345
789,2018-01-10,1.19346,1.20172,1.19224,1.19456
790,2018-01-11,1.19451,1.20581,1.19286,1.20302
791,2018-01-12,1.20299,1.22182,1.20293,1.22037
792,2018-01-15,1.21932,1.22958,1.21868,1.22617
793,2018-01-16,1.22612,1.22826,1.21943,1.2258
794,2018-01-17,1.22578,1.23223,1.21761,1.21834
795,2018-01-18,1.2183,1.22643,1.21644,1.22362
796,2018-01-19,1.22359,1.22945,1.22141,1.22173
797,2018-01-22,1.22669,1.22716,1.22131,1.22595
798,2018-01-23,1.22595,1.23055,1.22222,1.22963
799,2018-01-24,1.22954,1.24141,1.22921,1.24062
800,2018-01-25,1.24061,1.25367,1.2363,1.23921
801,2018-01-26,1.23975,1.24928,1.23694,1.24282
802,2018-01-29,1.24229,1.24313,1.23361,1.23805
803,2018-01-30,1.23804,1.24532,1.23341,1.24009
804,2018-01-31,1.24007,1.2474,1.23863,1.24119
805,2018-02-01,1.24124,1.25216,1.23846,1.2507
806,2018-02-02,1.25068,1.25173,1.24086,1.24549
807,2018-02-05,1.24342,1.24741,1.23617,1.23648
808,2018-02-06,1.23643,1.24338,1.23131,1.23757
809,2018-02-07,1.23749,1.24052,1.22451,1.22615
810,2018-02-08,1.22614,1.22943,1.22113,1.22451
811,2018-02-09,1.2245,1.22865,1.22047,1.22507
812,2018-02-12,1.22441,1.22964,1.22343,1.22894
813,2018-02-13,1.22893,1.23702,1.22837,1.23493
814,2018-02-14,1.23492,1.24643,1.2275,1.24486
815,2018-02-15,1.24482,1.25094,1.24472,1.25047
816,2018-02-16,1.25033,1.25545,1.23924,1.24098
817,2018-02-19,1.24009,1.24344,1.23683,1.24055
818,2018-02-20,1.24043,1.24115,1.23189,1.23355
819,2018-02-21,1.23353,1.2359,1.22803,1.2281
820,2018-02-22,1.22811,1.23512,1.2259,1.23281
821,2018-02-23,1.23284,1.23362,1.2279,1.22938
822,2018-02-26,1.22925,1.23544,1.22771,1.23152
823,2018-02-27,1.23152,1.23456,1.22207,1.22318
824,2018-02-28,1.22306,1.22407,1.21871,1.21916
825,2018-03-01,1.21915,1.2272,1.21538,1.22643
826,2018-03-02,1.22643,1.23351,1.22506,1.23178
827,2018-03-05,1.23333,1.23637,1.22681,1.23341
828,2018-03-06,1.23334,1.24194,1.23272,1.24025
829,2018-03-07,1.24021,1.24438,1.2384,1.24099
830,2018-03-08,1.24088,1.24454,1.22972,1.23092
831,2018-03-09,1.23098,1.23334,1.22722,1.23044
832,2018-03-12,1.23096,1.23448,1.22895,1.23336
833,2018-03-13,1.23334,1.24066,1.23137,1.23903
834,2018-03-14,1.23904,1.24117,1.23464,1.23672
835,2018-03-15,1.2367,1.23829,1.22995,1.23038
836,2018-03-16,1.23024,1.23353,1.22592,1.22866
837,2018-03-19,1.22873,1.23579,1.22572,1.23333
838,2018-03-20,1.23334,1.23539,1.2239,1.22426
839,2018-03-21,1.22427,1.2349,1.22409,1.23377
840,2018-03-22,1.23378,1.23874,1.22845,1.23044
841,2018-03-23,1.23049,1.23725,1.23049,1.23524
842,2018-03-26,1.23482,1.24607,1.23482,1.2442
843,2018-03-27,1.24419,1.24754,1.23717,1.24011
844,2018-03-28,1.24009,1.24208,1.22994,1.23065
845,2018-03-29,1.23062,1.23349,1.22831,1.22993
846,2018-03-30,1.22981,1.23296,1.22892,1.23149
847,2018-04-02,1.23179,1.23442,1.22806,1.23008
848,2018-04-03,1.23008,1.23355,1.22528,1.22691
849,2018-04-04,1.2268,1.23139,1.22563,1.22769
850,2018-04-05,1.22769,1.22895,1.22175,1.22393
851,2018-04-06,1.22382,1.22899,1.22142,1.22792
852,2018-04-09,1.2284,1.23295,1.22594,1.23196
853,2018-04-10,1.23184,1.23767,1.23019,1.23549
854,2018-04-11,1.2354,1.23949,1.23462,1.23658
855,2018-04-12,1.2366,1.2379,1.22985,1.23253
856,2018-04-13,1.23253,1.23451,1.23062,1.23264
857,2018-04-16,1.23284,1.23937,1.23233,1.23784
858,2018-04-17,1.23772,1.24129,1.23351,1.23684
859,2018-04-18,1.23681,1.23963,1.23408,1.23726
860,2018-04-19,1.2372,1.23993,1.23283,1.23445
861,2018-04-20,1.23435,1.23519,1.22487,1.22864
862,2018-04-23,1.22709,1.22887,1.21967,1.22075
863,2018-04-24,1.22067,1.22439,1.21809,1.2231
864,2018-04-25,1.22308,1.22379,1.21592,1.21597
865,2018-04-26,1.21597,1.22091,1.20955,1.21023
866,2018-04-27,1.21015,1.21321,1.20546,1.21284
867,2018-04-30,1.21229,1.21379,1.20635,1.20764
868,2018-05-01,1.20758,1.20832,1.19807,1.19913
869,2018-05-02,1.19912,1.20308,1.19371,1.19493
870,2018-05-03,1.19493,1.2008,1.19469,1.19871
871,2018-05-04,1.19865,1.19946,1.191,1.19616
872,2018-05-07,1.19545,1.19773,1.18967,1.1921
873,2018-05-08,1.19207,1.19379,1.18373,1.18632
874,2018-05-09,1.1863,1.18961,1.18219,1.18492
875,2018-05-10,1.18494,1.19458,1.18421,1.19137
876,2018-05-11,1.19135,1.19671,1.18904,1.19379
877,2018-05-14,1.19417,1.19953,1.19253,1.19254
878,2018-05-15,1.19252,1.19377,1.18194,1.18365
879,2018-05-16,1.18364,1.18535,1.17626,1.18061
880,2018-05-17,1.1806,1.18366,1.17756,1.17923
881,2018-05-18,1.17921,1.18213,1.17491,1.17694
882,2018-05-21,1.17695,1.17949,1.17158,1.17903
883,2018-05-22,1.17902,1.18291,1.17557,1.17772
884,2018-05-23,1.17766,1.17888,1.1675,1.16943
885,2018-05-24,1.16939,1.17494,1.16899,1.17184
886,2018-05-25,1.17184,1.17327,1.16442,1.16481
887,2018-05-28,1.1685,1.17275,1.16066,1.1623
888,2018-05-29,1.16222,1.16387,1.15091,1.1538
889,2018-05-30,1.15382,1.16753,1.15178,1.1661
890,2018-05-31,1.16621,1.17234,1.16403,1.16899
891,2018-06-01,1.16893,1.17171,1.16162,1.16586
892,2018-06-04,1.16569,1.17436,1.16555,1.1697
893,2018-06-05,1.16963,1.17313,1.16518,1.17157
894,2018-06-06,1.17151,1.17948,1.17076,1.17727
895,2018-06-07,1.17727,1.1839,1.17717,1.17971
896,2018-06-08,1.17971,1.18095,1.17262,1.17681
897,2018-06-11,1.17708,1.18196,1.17702,1.1782
898,2018-06-12,1.17819,1.18082,1.17324,1.17436
899,2018-06-13,1.17436,1.18,1.17239,1.17897
900,2018-06-14,1.17898,1.185,1.15621,1.15646
901,2018-06-15,1.15661,1.16263,1.15425,1.16057
902,2018-06-18,1.15865,1.16235,1.15646,1.16215
903,2018-06-19,1.16215,1.16436,1.15299,1.15874
904,2018-06-20,1.15871,1.15992,1.15352,1.15683
905,2018-06-21,1.1568,1.16328,1.15071,1.16018
906,2018-06-22,1.16019,1.16742,1.15976,1.1655
907,2018-06-25,1.16636,1.17123,1.16278,1.17019
908,2018-06-26,1.1702,1.17196,1.1634,1.16453
909,2018-06-27,1.16453,1.16714,1.15398,1.15509
910,2018-06-28,1.15511,1.15996,1.15264,1.15672
911,2018-06-29,1.15668,1.16895,1.15573,1.16833
912,2018-07-02,1.16702,1.16878,1.15905,1.16381
913,2018-07-03,1.1638,1.16724,1.16197,1.16549
914,2018-07-04,1.16536,1.16809,1.16298,1.16548
915,2018-07-05,1.16549,1.17195,1.16492,1.16888
916,2018-07-06,1.16888,1.17671,1.16793,1.17413
917,2018-07-09,1.17388,1.179,1.17319,1.17489
918,2018-07-10,1.17484,1.17619,1.16895,1.17426
919,2018-07-11,1.17417,1.17574,1.16646,1.16707
920,2018-07-12,1.16712,1.16949,1.1649,1.16698
921,2018-07-13,1.16688,1.16859,1.16122,1.16843
922,2018-07-16,1.16891,1.17246,1.16748,1.17101
923,2018-07-17,1.17094,1.17439,1.16488,1.16595
924,2018-07-18,1.16587,1.16641,1.16013,1.16373
925,2018-07-19,1.16372,1.16777,1.15741,1.16402
926,2018-07-20,1.16399,1.1738,1.16255,1.17198
927,2018-07-23,1.1726,1.17498,1.16829,1.16908
928,2018-07-24,1.169,1.17161,1.16538,1.16845
929,2018-07-25,1.16837,1.17378,1.16631,1.17274
930,2018-07-26,1.1727,1.17429,1.16395,1.16417
931,2018-07-27,1.1641,1.16634,1.16196,1.16546
932,2018-07-30,1.16558,1.1718,1.16473,1.17026
933,2018-07-31,1.17027,1.17453,1.16828,1.16894
934,2018-08-01,1.16896,1.16989,1.16565,1.16584
935,2018-08-02,1.1659,1.16669,1.15811,1.15834
936,2018-08-03,1.15833,1.16099,1.15595,1.15656
937,2018-08-06,1.15682,1.15701,1.15294,1.15526
938,2018-08-07,1.15517,1.16074,1.15491,1.15973
939,2018-08-08,1.15972,1.16274,1.15724,1.16089
940,2018-08-09,1.16089,1.16184,1.15243,1.15257
941,2018-08-10,1.15246,1.15356,1.13872,1.1407
942,2018-08-13,1.13718,1.14321,1.13642,1.14076
943,2018-08-14,1.14089,1.14286,1.13291,1.13424
944,2018-08-15,1.13422,1.13541,1.13002,1.1344
945,2018-08-16,1.13433,1.14083,1.13349,1.13753
946,2018-08-17,1.13753,1.14441,1.13656,1.14374
947,2018-08-20,1.14364,1.1484,1.13935,1.14795
948,2018-08-21,1.14795,1.16004,1.14788,1.15689
949,2018-08-22,1.15694,1.1622,1.15524,1.15954
950,2018-08-23,1.15946,1.15991,1.1529,1.15357
951,2018-08-24,1.15354,1.16391,1.1534,1.16203
952,2018-08-27,1.16148,1.16929,1.15937,1.16769
953,2018-08-28,1.16764,1.17328,1.16616,1.16932
954,2018-08-29,1.16928,1.17091,1.16511,1.17057
955,2018-08-30,1.17047,1.17174,1.1641,1.16687
956,2018-08-31,1.16699,1.16895,1.15838,1.16018
957,2018-09-03,1.15943,1.16271,1.15882,1.16173
958,2018-09-04,1.16159,1.16185,1.15295,1.15797
959,2018-09-05,1.15786,1.16396,1.1542,1.16285
960,2018-09-06,1.1628,1.16585,1.16046,1.1621
961,2018-09-07,1.16206,1.16486,1.15499,1.15522
962,2018-09-10,1.15477,1.16155,1.15253,1.15909
963,2018-09-11,1.15887,1.16434,1.15646,1.1604
964,2018-09-12,1.16025,1.16489,1.15693,1.16245
965,2018-09-13,1.16243,1.17006,1.16084,1.1689
966,2018-09-14,1.16886,1.17209,1.16199,1.16217
967,2018-09-17,1.16227,1.16975,1.16173,1.1681
968,2018-09-18,1.1681,1.17237,1.16512,1.16638
969,2018-09-19,1.16626,1.17142,1.16491,1.16715
970,2018-09-20,1.16704,1.17838,1.16684,1.17752
971,2018-09-21,1.17758,1.1802,1.17322,1.17536
972,2018-09-24,1.17433,1.18143,1.17233,1.17459
973,2018-09-25,1.17466,1.17917,1.17302,1.17649
974,2018-09-26,1.17649,1.1797,1.17252,1.17358
975,2018-09-27,1.17371,1.17564,1.16382,1.16399
976,2018-09-28,1.16395,1.16505,1.15688,1.16019
977,2018-10-01,1.16155,1.16242,1.15628,1.15769
978,2018-10-02,1.1577,1.15795,1.15046,1.15444
979,2018-10-03,1.15435,1.15929,1.14636,1.14755
980,2018-10-04,1.14754,1.15419,1.14626,1.15121
981,2018-10-05,1.15125,1.15491,1.14833,1.15177
982,2018-10-08,1.15204,1.1529,1.14592,1.14898
983,2018-10-09,1.14897,1.15027,1.14315,1.14882
984,2018-10-10,1.14878,1.15446,1.14792,1.15176
985,2018-10-11,1.15176,1.15986,1.15172,1.15919
986,2018-10-12,1.15924,1.16097,1.15339,1.15571
987,2018-10-15,1.15378,1.16055,1.1537,1.15775
988,2018-10-16,1.15775,1.16206,1.15651,1.15719
989,2018-10-17,1.15725,1.15799,1.14953,1.14992
990,2018-10-18,1.14989,1.15266,1.14483,1.14516
991,2018-10-19,1.14516,1.15338,1.14323,1.15138
992,2018-10-22,1.15156,1.15493,1.1455,1.14624
993,2018-10-23,1.1463,1.14929,1.14384,1.14685
994,2018-10-24,1.14687,1.14758,1.13787,1.13892
995,2018-10-25,1.13902,1.14317,1.13555,1.13735
996,2018-10-26,1.13734,1.142,1.1335,1.1402
997,2018-10-29,1.13969,1.14156,1.13599,1.13715
998,2018-10-30,1.13715,1.1387,1.13398,1.13427
999,2018-10-31,1.13426,1.13593,1.13014,1.1313
1000,2018-11-01,1.13132,1.14234,1.1312,1.14009
1001,2018-11-02,1.1401,1.1455,1.13714,1.13857
1002,2018-11-05,1.13852,1.14231,1.13527,1.14058
1003,2018-11-06,1.14057,1.14371,1.13907,1.14254
1004,2018-11-07,1.14249,1.1499,1.13938,1.14251
1005,2018-11-08,1.14248,1.1446,1.13508,1.13623
1006,2018-11-09,1.13618,1.13681,1.13156,1.1333
1007,2018-11-12,1.13193,1.13299,1.12148,1.1217
1008,2018-11-13,1.12162,1.12928,1.12157,1.12868
1009,2018-11-14,1.12862,1.13467,1.12624,1.13064
1010,2018-11-15,1.1307,1.13616,1.12698,1.13244
1011,2018-11-16,1.13241,1.14197,1.13208,1.14131
1012,2018-11-19,1.14104,1.14637,1.13932,1.14515
1013,2018-11-20,1.14507,1.14716,1.1358,1.13685
1014,2018-11-21,1.13686,1.14242,1.13605,1.1381
1015,2018-11-22,1.13794,1.14331,1.13791,1.14
1016,2018-11-23,1.13999,1.14204,1.13269,1.13309
1017,2018-11-26,1.13368,1.13828,1.13244,1.13263
1018,2018-11-27,1.13259,1.1343,1.12767,1.12841
1019,2018-11-28,1.12885,1.13876,1.12664,1.13649
1020,2018-11-29,1.13648,1.14009,1.13479,1.1391
1021,2018-11-30,1.13909,1.13996,1.13047,1.13158
1022,2018-12-03,1.13489,1.1379,1.13186,1.13521
1023,2018-12-04,1.1352,1.14179,1.13176,1.13408
1024,2018-12-05,1.13402,1.13605,1.13098,1.13436
1025,2018-12-06,1.13427,1.14118,1.13203,1.13708
1026,2018-12-07,1.13709,1.14228,1.13597,1.13959
1027,2018-12-10,1.13895,1.1442,1.13497,1.1354
1028,2018-12-11,1.13538,1.13995,1.13056,1.13146
1029,2018-12-12,1.13145,1.13865,1.13142,1.13675
1030,2018-12-13,1.13672,1.13926,1.13305,1.13572
1031,2018-12-14,1.13596,1.13643,1.12689,1.13038
1032,2018-12-17,1.12998,1.1357,1.12977,1.13464
1033,2018-12-18,1.13464,1.14015,1.13359,1.13612
1034,2018-12-19,1.13585,1.14386,1.13585,1.13722
1035,2018-12-20,1.13731,1.14852,1.13693,1.1444
1036,2018-12-21,1.14444,1.14733,1.13553,1.13664
1037,2018-12-24,1.13731,1.14378,1.13599,1.14211
1038,2018-12-25,1.13731,1.14378,1.13599,1.14211
1039,2018-12-26,1.14042,1.14134,1.13419,1.13497
1040,2018-12-27,1.13499,1.14533,1.13499,1.14275
1041,2018-12-28,1.14275,1.1472,1.14244,1.14398
1042,2018-12-31,1.1433,1.14654,1.14208,1.14499
1043,2019-01-01,1.1433,1.14654,1.14208,1.14499
1044,2019-01-02,1.1485,1.14923,1.13244,1.13415
1045,2019-01-03,1.13415,1.14101,1.13083,1.13893
1046,2019-01-04,1.13916,1.14183,1.1345,1.13957
1047,2019-01-07,1.13944,1.14818,1.13942,1.14725
1048,2019-01-08,1.14728,1.14839,1.14213,1.14391
1049,2019-01-09,1.14392,1.15571,1.14363,1.15409
1050,2019-01-10,1.1541,1.15691,1.14838,1.14985
1051,2019-01-11,1.14984,1.15399,1.14573,1.14633
1052,2019-01-14,1.14571,1.14814,1.14498,1.14671
1053,2019-01-15,1.14667,1.1489,1.13812,1.14115
1054,2019-01-16,1.14114,1.14242,1.13771,1.13903
1055,2019-01-17,1.13903,1.14053,1.13693,1.13867
1056,2019-01-18,1.13867,1.14094,1.13525,1.13608
1057,2019-01-21,1.13595,1.13904,1.13561,1.13637
1058,2019-01-22,1.13634,1.13731,1.13353,1.13588
1059,2019-01-23,1.13583,1.13937,1.135,1.13782
1060,2019-01-24,1.13782,1.13907,1.12886,1.13003
1061,2019-01-25,1.13006,1.14169,1.12993,1.14047
1062,2019-01-28,1.13997,1.1443,1.13894,1.14257
1063,2019-01-29,1.1424,1.14495,1.14105,1.14303
1064,2019-01-30,1.14301,1.1501,1.14054,1.14778
1065,2019-01-31,1.14776,1.15135,1.1435,1.14444
1066,2019-02-01,1.14454,1.14877,1.14336,1.14523
1067,2019-02-04,1.14502,1.14597,1.14235,1.14342
1068,2019-02-05,1.14342,1.14398,1.14003,1.14042
1069,2019-02-06,1.14043,1.14088,1.13602,1.13604
1070,2019-02-07,1.13603,1.13693,1.13233,1.13388
1071,2019-02-08,1.13384,1.13501,1.13203,1.1321
1072,2019-02-11,1.13181,1.13293,1.12665,1.12746
1073,2019-02-12,1.1274,1.13389,1.12569,1.13241
1074,2019-02-13,1.13231,1.13407,1.12592,1.12592
1075,2019-02-14,1.12585,1.1309,1.12484,1.12937
1076,2019-02-15,1.12927,1.13054,1.12334,1.12903
1077,2019-02-18,1.12905,1.13331,1.1288,1.13079
1078,2019-02-19,1.13074,1.13568,1.12748,1.13391
1079,2019-02-20,1.13391,1.13704,1.13243,1.13346
1080,2019-02-21,1.13353,1.13657,1.13183,1.13328
1081,2019-02-22,1.13327,1.13549,1.13154,1.13299
1082,2019-02-25,1.1333,1.13669,1.13273,1.13562
1083,2019-02-26,1.13559,1.14019,1.13445,1.13875
1084,2019-02-27,1.13876,1.14028,1.13616,1.13684
1085,2019-02-28,1.13685,1.14188,1.13585,1.13677
1086,2019-03-01,1.13693,1.14078,1.13526,1.1362
1087,2019-03-04,1.13794,1.13811,1.13083,1.13368
1088,2019-03-05,1.13383,1.13399,1.12888,1.13066
1089,2019-03-06,1.13063,1.13239,1.12846,1.13051
1090,2019-03-07,1.13047,1.13195,1.11753,1.11923
1091,2019-03-08,1.11922,1.12454,1.11845,1.12321
1092,2019-03-11,1.12329,1.12577,1.12211,1.12482
1093,2019-03-12,1.12481,1.13041,1.12466,1.12869
1094,2019-03-13,1.1287,1.13378,1.12766,1.13297
1095,2019-03-14,1.13297,1.13369,1.12934,1.13036
1096,2019-03-15,1.13037,1.13435,1.12991,1.13233
1097,2019-03-18,1.13213,1.13583,1.13183,1.13345
1098,2019-03-19,1.13343,1.1361,1.1333,1.13487
1099,2019-03-20,1.13489,1.14474,1.13348,1.14234
1100,2019-03-21,1.14234,1.14368,1.13418,1.13726
1101,2019-03-22,1.13725,1.139,1.12723,1.13003
1102,2019-03-25,1.1293,1.13306,1.1288,1.13123
1103,2019-03-26,1.13124,1.13252,1.12623,1.12696
1104,2019-03-27,1.12695,1.12849,1.12414,1.12508
1105,2019-03-28,1.12506,1.12604,1.12129,1.12252
1106,2019-03-29,1.12256,1.1246,1.12091,1.1216
1107,2019-04-01,1.12265,1.12492,1.12032,1.12115
1108,2019-04-02,1.12114,1.12153,1.1183,1.12029
1109,2019-04-03,1.12034,1.12539,1.11996,1.12314
1110,2019-04-04,1.12312,1.12469,1.12052,1.1219
1111,2019-04-05,1.12187,1.12448,1.12094,1.1215
1112,2019-04-08,1.12147,1.12737,1.12106,1.126
1113,2019-04-09,1.12609,1.12835,1.12545,1.12606
1114,2019-04-10,1.12599,1.12867,1.12288,1.12724
1115,2019-04-11,1.12725,1.12867,1.12492,1.12504
1116,2019-04-12,1.12514,1.13231,1.12513,1.12977
1117,2019-04-15,1.13029,1.13202,1.12968,1.13023
1118,2019-04-16,1.13024,1.13132,1.12791,1.12793
1119,2019-04-17,1.12789,1.13229,1.12781,1.12932
1120,2019-04-18,1.12923,1.13033,1.12255,1.12287
1121,2019-04-19,1.12277,1.12469,1.12269,1.1241
1122,2019-04-22,1.1242,1.12613,1.12351,1.12561
1123,2019-04-23,1.12559,1.12605,1.11916,1.12264
1124,2019-04-24,1.12255,1.12257,1.11399,1.11514
1125,2019-04-25,1.11524,1.11618,1.11167,1.11289
1126,2019-04-26,1.1129,1.11733,1.11103,1.11426
1127,2019-04-29,1.11438,1.11862,1.11434,1.11835
1128,2019-04-30,1.11835,1.12285,1.1175,1.12134
1129,2019-05-01,1.12128,1.1264,1.11865,1.11945
1130,2019-05-02,1.11939,1.12183,1.11699,1.11704
1131,2019-05-03,1.11706,1.1204,1.11342,1.12019
1132,2019-05-06,1.1173,1.12085,1.11687,1.11979
1133,2019-05-07,1.11956,1.12172,1.11658,1.11909
1134,2019-05-08,1.11888,1.1213,1.11821,1.119
1135,2019-05-09,1.11893,1.12502,1.11727,1.12125
1136,2019-05-10,1.12113,1.12528,1.12113,1.1233
1137,2019-05-13,1.1232,1.12626,1.12205,1.12205
1138,2019-05-14,1.12203,1.12432,1.12005,1.12029
1139,2019-05-15,1.12024,1.12237,1.11772,1.11993
1140,2019-05-16,1.11999,1.12232,1.11655,1.11725
1141,2019-05-17,1.11726,1.11836,1.11545,1.11559
1142,2019-05-20,1.11592,1.11741,1.11498,1.11648
1143,2019-05-21,1.11645,1.11873,1.11413,1.11593
1144,2019-05-22,1.1156,1.11797,1.11479,1.11489
1145,2019-05-23,1.11488,1.11867,1.11064,1.11799
1146,2019-05-24,1.118,1.12113,1.1171,1.12044
1147,2019-05-27,1.12084,1.12144,1.11861,1.11908
1148,2019-05-28,1.11926,1.11976,1.11585,1.1159
1149,2019-05-29,1.11596,1.11717,1.11235,1.11301
1150,2019-05-30,1.11297,1.11427,1.11153,1.1128
1151,2019-05-31,1.11275,1.1179,1.11245,1.11673
1152,2019-06-03,1.11624,1.12613,1.11595,1.12389
1153,2019-06-04,1.12395,1.12766,1.1226,1.12508
1154,2019-06-05,1.12495,1.13059,1.12189,1.12198
1155,2019-06-06,1.12194,1.13081,1.11997,1.12745
1156,2019-06-07,1.12745,1.1347,1.12505,1.13319
1157,2019-06-10,1.13217,1.13299,1.12891,1.13099
1158,2019-06-11,1.13099,1.13367,1.13007,1.13244
1159,2019-06-12,1.13243,1.13426,1.12815,1.12859
1160,2019-06-13,1.12854,1.1303,1.12676,1.12753
1161,2019-06-14,1.12749,1.12884,1.12017,1.12098
1162,2019-06-17,1.12082,1.12462,1.12029,1.12165
1163,2019-06-18,1.1217,1.12421,1.11806,1.11933
1164,2019-06-19,1.11915,1.12536,1.11864,1.12252
1165,2019-06-20,1.12247,1.13167,1.12246,1.12908
1166,2019-06-21,1.12904,1.1377,1.12823,1.13692
1167,2019-06-24,1.13688,1.1403,1.13663,1.13962
1168,2019-06-25,1.13964,1.14113,1.13434,1.13647
1169,2019-06-26,1.13642,1.13904,1.13468,1.13668
1170,2019-06-27,1.13659,1.13808,1.1347,1.13679
1171,2019-06-28,1.13677,1.13927,1.13498,1.13688
1172,2019-07-01,1.13583,1.13704,1.12802,1.12838
1173,2019-07-02,1.12843,1.13205,1.12745,1.12835
1174,2019-07-03,1.12835,1.13114,1.12679,1.12756
1175,2019-07-04,1.12762,1.12943,1.12724,1.12835
1176,2019-07-05,1.12826,1.1287,1.12068,1.12245
1177,2019-07-08,1.12229,1.12337,1.12061,1.1213
1178,2019-07-09,1.12132,1.1218,1.11925,1.12071
1179,2019-07-10,1.12069,1.12634,1.12011,1.12494
1180,2019-07-11,1.12496,1.1285,1.12444,1.1252
1181,2019-07-12,1.12526,1.12741,1.12376,1.12692
1182,2019-07-15,1.12682,1.12831,1.12525,1.12568
1183,2019-07-16,1.12566,1.12626,1.12011,1.1208
1184,2019-07-17,1.12092,1.12329,1.1199,1.12229
1185,2019-07-18,1.12226,1.12797,1.12045,1.12743
1186,2019-07-19,1.1275,1.12811,1.12026,1.12183
1187,2019-07-22,1.12131,1.12246,1.12055,1.12073
1188,2019-07-23,1.12073,1.12089,1.11451,1.11504
1189,2019-07-24,1.11506,1.1155,1.11262,1.11387
1190,2019-07-25,1.11392,1.1187,1.11006,1.11456
1191,2019-07-26,1.11452,1.11502,1.11111,1.11273
1192,2019-07-29,1.11238,1.11502,1.11122,1.11443
1193,2019-07-30,1.11438,1.11604,1.11314,1.11532
1194,2019-07-31,1.11528,1.11613,1.10594,1.10746
1195,2019-08-01,1.10746,1.1095,1.10261,1.1083
1196,2019-08-02,1.1084,1.11156,1.10692,1.11043
1197,2019-08-05,1.11017,1.12124,1.11004,1.12018
1198,2019-08-06,1.12019,1.12488,1.11667,1.11982
1199,2019-08-07,1.11955,1.12411,1.11783,1.11972
1200,2019-08-08,1.11964,1.12318,1.11761,1.11786
1201,2019-08-09,1.11784,1.12222,1.11774,1.11996
1202,2019-08-12,1.11969,1.12299,1.11612,1.1212
1203,2019-08-13,1.12121,1.12279,1.11693,1.11697
1204,2019-08-14,1.11696,1.119,1.113,1.11364
1205,2019-08-15,1.11361,1.11577,1.10907,1.11055
1206,2019-08-16,1.11056,1.11114,1.10656,1.10891
1207,2019-08-19,1.10921,1.1113,1.10753,1.10762
1208,2019-08-20,1.1076,1.1106,1.10647,1.10973
1209,2019-08-21,1.1097,1.11063,1.10796,1.10831
1210,2019-08-22,1.10834,1.11123,1.10628,1.10784
1211,2019-08-23,1.10778,1.11526,1.10508,1.1142
1212,2019-08-26,1.11482,1.11632,1.10933,1.10986
1213,2019-08-27,1.10987,1.11152,1.10849,1.10877
1214,2019-08-28,1.10887,1.10972,1.10725,1.1076
1215,2019-08-29,1.10765,1.10927,1.10413,1.10554
1216,2019-08-30,1.10557,1.10595,1.09624,1.09893
1217,2019-09-02,1.09873,1.09958,1.09571,1.09665
1218,2019-09-03,1.09675,1.0978,1.09255,1.09714
1219,2019-09-04,1.09717,1.10376,1.09678,1.10332
1220,2019-09-05,1.10343,1.10839,1.1016,1.10331
1221,2019-09-06,1.10331,1.10565,1.10195,1.10241
1222,2019-09-09,1.10228,1.10673,1.10147,1.10461
1223,2019-09-10,1.10449,1.10586,1.10297,1.10424
1224,2019-09-11,1.10422,1.10548,1.09844,1.10094
1225,2019-09-12,1.10094,1.10863,1.0926,1.1062
1226,2019-09-13,1.1062,1.11087,1.10546,1.10698
1227,2019-09-16,1.10709,1.10856,1.09923,1.10005
1228,2019-09-17,1.09979,1.10738,1.09895,1.10703
1229,2019-09-18,1.107,1.1075,1.10129,1.10286
1230,2019-09-19,1.10285,1.10727,1.1022,1.10394
1231,2019-09-20,1.10396,1.10668,1.09954,1.10179
1232,2019-09-23,1.1013,1.10246,1.09652,1.09916
1233,2019-09-24,1.09922,1.10232,1.0983,1.10177
1234,2019-09-25,1.10186,1.10223,1.09367,1.09404
1235,2019-09-26,1.09404,1.09666,1.0908,1.09184
1236,2019-09-27,1.0919,1.09579,1.0904,1.09404
1237,2019-09-30,1.09393,1.0947,1.0884,1.08972
1238,2019-10-01,1.08971,1.0942,1.08783,1.0931
1239,2019-10-02,1.09305,1.09628,1.09035,1.09583
1240,2019-10-03,1.09581,1.09985,1.09402,1.09624
1241,2019-10-04,1.09623,1.09976,1.09562,1.09763
1242,2019-10-07,1.09792,1.09999,1.09611,1.09682
1243,2019-10-08,1.09682,1.09953,1.09404,1.09549
1244,2019-10-09,1.09531,1.09892,1.09492,1.09688
1245,2019-10-10,1.09686,1.10331,1.09686,1.1004
1246,2019-10-11,1.10044,1.1062,1.1,1.1035
1247,2019-10-14,1.10292,1.1042,1.10126,1.10257
1248,2019-10-15,1.10253,1.10453,1.09905,1.10313
1249,2019-10-16,1.10307,1.10847,1.10217,1.10701
1250,2019-10-17,1.10705,1.11391,1.10643,1.1121
1251,2019-10-18,1.11231,1.11704,1.11139,1.11685
1252,2019-10-21,1.11572,1.11787,1.11378,1.11486
1253,2019-10-22,1.1148,1.11561,1.11169,1.11236
1254,2019-10-23,1.11236,1.11394,1.11054,1.11289
1255,2019-10-24,1.11291,1.11619,1.10923,1.11026
1256,2019-10-25,1.11026,1.11221,1.10722,1.10789
1257,2019-10-28,1.10783,1.11058,1.10753,1.10987
1258,2019-10-29,1.10989,1.11177,1.10728,1.11111
1259,2019-10-30,1.11111,1.11526,1.10793,1.11509
1260,2019-10-31,1.11511,1.11749,1.11306,1.11507
1261,2019-11-01,1.11505,1.11711,1.11275,1.11641
1262,2019-11-04,1.11665,1.11746,1.1124,1.11261
1263,2019-11-05,1.11261,1.11394,1.10627,1.10734
1264,2019-11-06,1.10732,1.1092,1.10642,1.10646
1265,2019-11-07,1.10645,1.10908,1.10352,1.1049
1266,2019-11-08,1.10481,1.10545,1.10158,1.10185
1267,2019-11-11,1.10216,1.10422,1.10157,1.10316
1268,2019-11-12,1.10313,1.10377,1.10016,1.10071
1269,2019-11-13,1.10076,1.10194,1.09945,1.1006
1270,2019-11-14,1.10044,1.10266,1.09882,1.10197
1271,2019-11-15,1.10197,1.10559,1.10137,1.10512
1272,2019-11-18,1.10492,1.10891,1.10474,1.10704
1273,2019-11-19,1.10704,1.1083,1.10616,1.10766
1274,2019-11-20,1.10767,1.10805,1.10521,1.10705
1275,2019-11-21,1.10708,1.10961,1.10513,1.10568
1276,2019-11-22,1.10571,1.10867,1.10133,1.10182
1277,2019-11-25,1.10145,1.10312,1.10027,1.10117
1278,2019-11-26,1.10119,1.10247,1.10063,1.10184
1279,2019-11-27,1.1018,1.10232,1.09915,1.09981
1280,2019-11-28,1.09982,1.1017,1.0997,1.10054
1281,2019-11-29,1.10065,1.10274,1.09802,1.10167
1282,2019-12-02,1.10215,1.109,1.10021,1.10775
1283,2019-12-03,1.10774,1.10926,1.1065,1.1079
1284,2019-12-04,1.10792,1.11153,1.10659,1.10758
1285,2019-12-05,1.10761,1.11071,1.10742,1.11027
1286,2019-12-06,1.1103,1.11089,1.10388,1.10594
1287,2019-12-09,1.10548,1.10771,1.10524,1.10627
1288,2019-12-10,1.10627,1.10968,1.10618,1.10895
1289,2019-12-11,1.109,1.11439,1.10693,1.11284
1290,2019-12-12,1.11283,1.11534,1.11022,1.11269
1291,2019-12-13,1.11272,1.11985,1.11112,1.11158
1292,2019-12-16,1.1126,1.11573,1.11218,1.11417
1293,2019-12-17,1.1142,1.11737,1.11283,1.11474
1294,2019-12-18,1.11465,1.11533,1.11094,1.11118
1295,2019-12-19,1.11113,1.11434,1.11064,1.11193
1296,2019-12-20,1.1119,1.11239,1.10655,1.10747
1297,2019-12-23,1.10795,1.10951,1.10691,1.10876
1298,2019-12-24,1.10873,1.10932,1.10683,1.10864
1299,2019-12-25,1.10873,1.10932,1.10683,1.10864
1300,2019-12-26,1.10866,1.11081,1.10813,1.10957
1301,2019-12-27,1.10954,1.11875,1.1093,1.11749
1302,2019-12-30,1.11762,1.12199,1.11705,1.11966
1303,2019-12-31,1.11967,1.12384,1.11963,1.12282
1304,2020-01-01,1.11967,1.12384,1.11963,1.12282
1305,2020-01-02,1.12079,1.12133,1.11628,1.11701
1306,2020-01-03,1.11705,1.11791,1.1124,1.11556
1307,2020-01-06,1.11655,1.12047,1.11564,1.11955
1308,2020-01-07,1.11927,1.11971,1.11328,1.11509
1309,2020-01-08,1.11505,1.11674,1.11008,1.11042
1310,2020-01-09,1.11043,1.11196,1.10918,1.11037
1311,2020-01-10,1.11035,1.11284,1.10843,1.11156
1312,2020-01-13,1.11095,1.11462,1.11095,1.11322
1313,2020-01-14,1.11326,1.11437,1.11034,1.11255
1314,2020-01-15,1.11252,1.11627,1.11178,1.11485
1315,2020-01-16,1.11485,1.1172,1.11273,1.11345
1316,2020-01-17,1.11344,1.11418,1.10853,1.10875
1317,2020-01-20,1.10889,1.11017,1.10759,1.10921
1318,2020-01-21,1.10924,1.11173,1.10798,1.10798
1319,2020-01-22,1.10806,1.10976,1.10694,1.10912
1320,2020-01-23,1.10906,1.11079,1.10356,1.10509
1321,2020-01-24,1.10502,1.10608,1.10189,1.10262
1322,2020-01-27,1.10298,1.10368,1.10089,1.10172
1323,2020-01-28,1.10176,1.10244,1.0997,1.10214
1324,2020-01-29,1.10213,1.10269,1.09915,1.10065
1325,2020-01-30,1.10077,1.10386,1.10036,1.10285
1326,2020-01-31,1.10288,1.10949,1.10161,1.10931
1327,2020-02-03,1.1092,1.10924,1.10349,1.10586
1328,2020-02-04,1.10558,1.10633,1.1032,1.10425
1329,2020-02-05,1.10433,1.10471,1.09928,1.09971
1330,2020-02-06,1.09975,1.10131,1.09636,1.09796
1331,2020-02-07,1.09797,1.09842,1.09413,1.09423
1332,2020-02-10,1.09416,1.09567,1.09069,1.09099
1333,2020-02-11,1.09092,1.09241,1.08905,1.09143
1334,2020-02-12,1.09146,1.09248,1.08647,1.08714
1335,2020-02-13,1.08716,1.0888,1.08332,1.08383
1336,2020-02-14,1.08378,1.08605,1.08265,1.08284
1337,2020-02-17,1.08387,1.08503,1.08284,1.0832
1338,2020-02-18,1.08329,1.08366,1.07847,1.07911
1339,2020-02-19,1.07892,1.0811,1.07814,1.08024
1340,2020-02-20,1.08016,1.08205,1.07771,1.07821
1341,2020-02-21,1.07825,1.08627,1.07824,1.08466
1342,2020-02-24,1.08123,1.08713,1.08043,1.08505
1343,2020-02-25,1.08507,1.08895,1.08293,1.08791
1344,2020-02-26,1.08793,1.0908,1.08541,1.08791
1345,2020-02-27,1.08792,1.10058,1.08741,1.09971
1346,2020-02-28,1.09974,1.10523,1.09501,1.10254
1347,2020-03-02,1.10442,1.11838,1.10355,1.11315
1348,2020-03-03,1.11321,1.12127,1.10944,1.1168
1349,2020-03-04,1.11682,1.1187,1.10946,1.11317
1350,2020-03-05,1.11321,1.12441,1.11188,1.12309
1351,2020-03-06,1.12354,1.13539,1.12105,1.12889
1352,2020-03-09,1.13448,1.14933,1.1339,1.14473
1353,2020-03-10,1.14476,1.14572,1.12703,1.12863
1354,2020-03-11,1.12855,1.13659,1.12493,1.12579
1355,2020-03-12,1.12579,1.13324,1.10544,1.11652
1356,2020-03-13,1.11653,1.12206,1.10539,1.11089
1357,2020-03-16,1.1187,1.12358,1.10837,1.11738
1358,2020-03-17,1.1174,1.11884,1.09545,1.10031
1359,2020-03-18,1.10053,1.10445,1.0801,1.09101
1360,2020-03-19,1.09101,1.09805,1.06535,1.06616
1361,2020-03-20,1.06616,1.083,1.06368,1.06964
1362,2020-03-23,1.06913,1.08265,1.06349,1.07226
1363,2020-03-24,1.0722,1.08874,1.07214,1.07789
1364,2020-03-25,1.07788,1.08931,1.07593,1.08756
1365,2020-03-26,1.08756,1.1058,1.08692,1.10257
1366,2020-03-27,1.10255,1.11464,1.09525,1.11366
1367,2020-03-30,1.11127,1.11433,1.10091,1.10413
1368,2020-03-31,1.10408,1.10512,1.09259,1.10238
1369,2020-04-01,1.10281,1.10381,1.0902,1.09602
1370,2020-04-02,1.09605,1.09672,1.08199,1.08535
1371,2020-04-03,1.08542,1.08599,1.0772,1.0807
1372,2020-04-06,1.08104,1.08346,1.07676,1.07914
1373,2020-04-07,1.07914,1.09257,1.07813,1.089
1374,2020-04-08,1.08894,1.09014,1.08294,1.08523
1375,2020-04-09,1.08529,1.0951,1.08402,1.0928
1376,2020-04-10,1.09278,1.09516,1.09179,1.09294
1377,2020-04-13,1.09466,1.09671,1.08918,1.09075
1378,2020-04-14,1.09065,1.09864,1.08985,1.09794
1379,2020-04-15,1.09769,1.09892,1.08556,1.09037
1380,2020-04-16,1.09052,1.09105,1.08158,1.08371
1381,2020-04-17,1.08324,1.08919,1.08112,1.08703
1382,2020-04-20,1.08629,1.08959,1.08405,1.08579
1383,2020-04-21,1.08584,1.08793,1.08158,1.08549
1384,2020-04-22,1.08512,1.08843,1.08024,1.08216
1385,2020-04-23,1.08214,1.08461,1.07553,1.07745
1386,2020-04-24,1.07751,1.0829,1.07262,1.08218
1387,2020-04-27,1.08176,1.08592,1.08106,1.08264
1388,2020-04-28,1.08256,1.08877,1.08089,1.08171
1389,2020-04-29,1.08158,1.08848,1.08158,1.08741
1390,2020-04-30,1.08683,1.09719,1.08321,1.09502
1391,2020-05-01,1.09477,1.10174,1.09336,1.09777
1392,2020-05-04,1.0968,1.09783,1.08947,1.09063
1393,2020-05-05,1.09063,1.0925,1.08249,1.08326
1394,2020-05-06,1.08324,1.08455,1.07813,1.07911
1395,2020-05-07,1.07896,1.08332,1.07657,1.08302
1396,2020-05-08,1.08289,1.08747,1.08143,1.08384
1397,2020-05-11,1.08229,1.08496,1.07994,1.08051
1398,2020-05-12,1.08,1.08847,1.07835,1.08451
1399,2020-05-13,1.08462,1.08957,1.08108,1.08165
1400,2020-05-14,1.08161,1.08231,1.07738,1.08029
1401,2020-05-15,1.08026,1.08503,1.07881,1.08179
1402,2020-05-18,1.08034,1.09263,1.07991,1.09113
1403,2020-05-19,1.09113,1.09752,1.09014,1.09215
1404,2020-05-20,1.09203,1.09983,1.09164,1.09751
1405,2020-05-21,1.09761,1.10075,1.09363,1.09456
1406,2020-05-22,1.09429,1.09528,1.08845,1.09011
1407,2020-05-25,1.08889,1.09138,1.08697,1.08948
1408,2020-05-26,1.08939,1.09949,1.08899,1.09812
1409,2020-05-27,1.09803,1.10299,1.09329,1.10026
1410,2020-05-28,1.10016,1.10928,1.09909,1.10754
1411,2020-05-29,1.10752,1.11441,1.10669,1.11012
1412,2020-06-01,1.11121,1.11531,1.10996,1.11335
1413,2020-06-02,1.11347,1.11953,1.11143,1.11655
1414,2020-06-03,1.1167,1.12568,1.11658,1.12317
1415,2020-06-04,1.12316,1.13616,1.11941,1.13361
1416,2020-06-05,1.1336,1.1383,1.12776,1.12904
1417,2020-06-08,1.12893,1.13188,1.12675,1.12928
1418,2020-06-09,1.12878,1.1363,1.12402,1.1338
1419,2020-06-10,1.13348,1.14214,1.13209,1.13713
1420,2020-06-11,1.13681,1.14028,1.12878,1.12967
1421,2020-06-12,1.12929,1.13397,1.12117,1.12556
1422,2020-06-15,1.1229,1.13315,1.12256,1.1321
1423,2020-06-16,1.13196,1.13524,1.1227,1.12623
1424,2020-06-17,1.12621,1.12931,1.12061,1.12422
1425,2020-06-18,1.12375,1.12605,1.11846,1.12037
1426,2020-06-19,1.11976,1.12536,1.11673,1.11757
1427,2020-06-22,1.11783,1.12691,1.11677,1.12582
1428,2020-06-23,1.12548,1.13478,1.12323,1.13065
1429,2020-06-24,1.13034,1.13249,1.12473,1.12493
1430,2020-06-25,1.12447,1.12588,1.11895,1.12156
1431,2020-06-26,1.12099,1.12385,1.11944,1.1217
1432,2020-06-29,1.12144,1.12869,1.12137,1.12402
1433,2020-06-30,1.12354,1.1261,1.119,1.1232
1434,2020-07-01,1.12285,1.12742,1.11842,1.12499
1435,2020-07-02,1.12481,1.13018,1.12224,1.12376
1436,2020-07-03,1.12272,1.12518,1.12183,1.12359
1437,2020-07-06,1.12412,1.13448,1.12365,1.13076
1438,2020-07-07,1.13075,1.13316,1.12581,1.1272
1439,2020-07-08,1.12692,1.13509,1.12614,1.13285
1440,2020-07-09,1.13258,1.13699,1.12792,1.12832
1441,2020-07-10,1.12776,1.1324,1.1254,1.12974
1442,2020-07-13,1.12975,1.13741,1.12975,1.13416
1443,2020-07-14,1.13423,1.14079,1.13243,1.1398
1444,2020-07-15,1.13905,1.14511,1.13903,1.14104
1445,2020-07-16,1.14037,1.14411,1.13696,1.13822
1446,2020-07-17,1.13777,1.14429,1.13767,1.1424
1447,2020-07-20,1.14049,1.14669,1.14017,1.14464
1448,2020-07-21,1.14379,1.15389,1.1422,1.15256
1449,2020-07-22,1.15251,1.16006,1.1506,1.1568
1450,2020-07-23,1.157,1.1626,1.15395,1.15944
1451,2020-07-24,1.15944,1.16572,1.15806,1.16541
1452,2020-07-27,1.16385,1.17804,1.1638,1.17501
1453,2020-07-28,1.17478,1.17729,1.16979,1.17139
1454,2020-07-29,1.1714,1.18054,1.17097,1.17904
1455,2020-07-30,1.17842,1.18473,1.17299,1.18457
1456,2020-07-31,1.18449,1.19079,1.17606,1.1775
1457,2020-08-03,1.17695,1.17959,1.16951,1.17613
1458,2020-08-04,1.176,1.18049,1.17205,1.18011
1459,2020-08-05,1.17949,1.1904,1.17921,1.18617
1460,2020-08-06,1.18618,1.19154,1.18171,1.18749
1461,2020-08-07,1.18751,1.1882,1.17543,1.17838
1462,2020-08-10,1.1788,1.17998,1.1735,1.17356
1463,2020-08-11,1.17348,1.18072,1.1721,1.17386
1464,2020-08-12,1.17376,1.18162,1.17101,1.17832
1465,2020-08-13,1.17814,1.18633,1.17768,1.18122
1466,2020-08-14,1.18101,1.18496,1.17806,1.18397
1467,2020-08-17,1.1839,1.18803,1.18279,1.18689
1468,2020-08-18,1.18655,1.19649,1.18608,1.19294
1469,2020-08-19,1.19239,1.19519,1.18294,1.18357
1470,2020-08-20,1.18333,1.18678,1.18013,1.1859
1471,2020-08-21,1.18552,1.1882,1.17533,1.17947
1472,2020-08-24,1.17893,1.18489,1.17834,1.17859
1473,2020-08-25,1.17862,1.18427,1.17833,1.18331
1474,2020-08-26,1.18318,1.18383,1.17714,1.18289
1475,2020-08-27,1.18264,1.1901,1.17614,1.18204
1476,2020-08-28,1.18202,1.19189,1.18102,1.19046
1477,2020-08-31,1.18966,1.19653,1.18834,1.19345
1478,2020-09-01,1.19303,1.20103,1.19003,1.19099
1479,2020-09-02,1.19069,1.19279,1.18213,1.18531
1480,2020-09-03,1.18491,1.18657,1.17879,1.18503
1481,2020-09-04,1.18498,1.18645,1.178,1.18363
1482,2020-09-07,1.18443,1.18478,1.18103,1.18104
1483,2020-09-08,1.18122,1.18266,1.17645,1.17718
1484,2020-09-09,1.17752,1.18329,1.17521,1.18016
1485,2020-09-10,1.1798,1.19165,1.17953,1.18132
1486,2020-09-11,1.18098,1.18732,1.18093,1.18426
1487,2020-09-14,1.18349,1.18871,1.18305,1.18606
1488,2020-09-15,1.18593,1.18997,1.18387,1.18449
1489,2020-09-16,1.18434,1.1882,1.17865,1.18141
1490,2020-09-17,1.18126,1.18516,1.17364,1.18462
1491,2020-09-18,1.18449,1.18696,1.18252,1.184
1492,2020-09-21,1.18373,1.1871,1.17308,1.17694
1493,2020-09-22,1.17612,1.17729,1.16909,1.17065
1494,2020-09-23,1.17032,1.17182,1.16506,1.16583
1495,2020-09-24,1.16589,1.16861,1.16257,1.16667
1496,2020-09-25,1.16654,1.16842,1.16112,1.16297
1497,2020-09-28,1.16182,1.16792,1.16144,1.16654
1498,2020-09-29,1.16599,1.17448,1.16599,1.17408
1499,2020-09-30,1.17408,1.17542,1.1684,1.17185
1500,2020-10-01,1.17158,1.17689,1.17158,1.17434
1501,2020-10-02,1.17435,1.17477,1.16951,1.17156
1502,2020-10-05,1.1711,1.17968,1.17051,1.1782
1503,2020-10-06,1.1778,1.1807,1.1731,1.17315
1504,2020-10-07,1.17322,1.17811,1.17242,1.17579
1505,2020-10-08,1.17567,1.1781,1.17318,1.17586
1506,2020-10-09,1.17543,1.18302,1.17543,1.18287
1507,2020-10-12,1.18065,1.18259,1.1786,1.18165
1508,2020-10-13,1.18104,1.18155,1.17298,1.1742
1509,2020-10-14,1.17417,1.17703,1.17184,1.1744
1510,2020-10-15,1.17421,1.1757,1.16877,1.17043
1511,2020-10-16,1.1705,1.17455,1.16932,1.17143
1512,2020-10-19,1.17154,1.17929,1.17024,1.17692
1513,2020-10-20,1.17643,1.18399,1.17592,1.182
1514,2020-10-21,1.182,1.18799,1.18175,1.18538
1515,2020-10-22,1.18577,1.18661,1.18106,1.18155
1516,2020-10-23,1.18127,1.1864,1.17859,1.1856
1517,2020-10-26,1.18548,1.18589,1.18025,1.18084
1518,2020-10-27,1.18081,1.1838,1.17772,1.17867
1519,2020-10-28,1.17866,1.17872,1.17171,1.17449
1520,2020-10-29,1.17446,1.1758,1.16493,1.16737
1521,2020-10-30,1.16736,1.17033,1.16391,1.16441
1522,2020-11-02,1.1647,1.1655,1.16211,1.16396
1523,2020-11-03,1.16392,1.1739,1.16283,1.17156
1524,2020-11-04,1.1709,1.17707,1.16011,1.17183
1525,2020-11-05,1.17223,1.18589,1.171,1.18193
1526,2020-11-06,1.18212,1.18902,1.17947,1.18742
1527,2020-11-09,1.18879,1.19191,1.17946,1.18097
1528,2020-11-10,1.18114,1.18425,1.1779,1.18098
1529,2020-11-11,1.18101,1.1832,1.17448,1.17745
1530,2020-11-12,1.17724,1.18224,1.17579,1.18015
1531,2020-11-13,1.18009,1.18368,1.17975,1.18325
1532,2020-11-16,1.18371,1.18679,1.18134,1.18474
1533,2020-11-17,1.18485,1.18929,1.18415,1.18595
1534,2020-11-18,1.18572,1.18902,1.18483,1.18496
1535,2020-11-19,1.18489,1.18818,1.18155,1.18728
1536,2020-11-20,1.18711,1.18899,1.1849,1.18558
1537,2020-11-23,1.185,1.19052,1.17991,1.18375
1538,2020-11-24,1.1838,1.18954,1.18363,1.18868
1539,2020-11-25,1.18868,1.1929,1.18811,1.19112
1540,2020-11-26,1.19101,1.19401,1.18844,1.19103
1541,2020-11-27,1.19085,1.19648,1.19068,1.19584
1542,2020-11-30,1.1957,1.20025,1.1922,1.19231
1543,2020-12-01,1.1922,1.20758,1.19175,1.2066
1544,2020-12-02,1.20652,1.21177,1.20393,1.21103
1545,2020-12-03,1.21099,1.21737,1.21002,1.21422
1546,2020-12-04,1.21375,1.21766,1.21095,1.2118
1547,2020-12-07,1.21265,1.21655,1.20778,1.21049
1548,2020-12-08,1.21052,1.21333,1.20947,1.20995
1549,2020-12-09,1.20986,1.21466,1.20575,1.20771
1550,2020-12-10,1.20765,1.21581,1.20715,1.21329
1551,2020-12-11,1.2135,1.21622,1.21048,1.21097
1552,2020-12-14,1.21362,1.21759,1.21148,1.21399
1553,2020-12-15,1.21391,1.21681,1.21209,1.21474
1554,2020-12-16,1.21471,1.22114,1.21241,1.21946
1555,2020-12-17,1.21944,1.2272,1.21889,1.2264
1556,2020-12-18,1.2264,1.22707,1.22246,1.22522
1557,2020-12-21,1.22169,1.22522,1.21288,1.22384
1558,2020-12-22,1.22388,1.22562,1.21514,1.21583
1559,2020-12-23,1.21582,1.22203,1.21532,1.21817
1560,2020-12-24,1.21822,1.22149,1.21765,1.21817
1561,2020-12-25,1.21822,1.22149,1.21765,1.21817
1562,2020-12-28,1.21845,1.22496,1.21786,1.22118
1563,2020-12-29,1.2211,1.22743,1.22041,1.22443
1564,2020-12-30,1.22435,1.23091,1.22431,1.22971
1565,2020-12-31,1.22922,1.23083,1.22201,1.22241
1566,2021-01-01,1.22922,1.23083,1.22201,1.22241
1567,2021-01-04,1.22345,1.23087,1.22241,1.2249
1568,2021-01-05,1.22423,1.23048,1.2242,1.22921
1569,2021-01-06,1.22899,1.23485,1.22647,1.23215
1570,2021-01-07,1.23217,1.23436,1.22443,1.22676
1571,2021-01-08,1.22681,1.2284,1.21921,1.22202
1572,2021-01-11,1.22135,1.22219,1.21314,1.21482
1573,2021-01-12,1.21468,1.22088,1.21363,1.22031
1574,2021-01-13,1.22022,1.2222,1.21391,1.21539
1575,2021-01-14,1.21524,1.21776,1.21102,1.2153
1576,2021-01-15,1.21501,1.21618,1.20743,1.20743
1577,2021-01-18,1.20823,1.20861,1.20527,1.20763
1578,2021-01-19,1.20735,1.21441,1.20722,1.21255
1579,2021-01-20,1.21262,1.21574,1.20759,1.21044
1580,2021-01-21,1.21006,1.21722,1.20995,1.21611
1581,2021-01-22,1.21611,1.21888,1.21508,1.21701
1582,2021-01-25,1.21665,1.21823,1.21151,1.21383
1583,2021-01-26,1.21367,1.21753,1.21069,1.21581
1584,2021-01-27,1.21555,1.21691,1.20577,1.21115
1585,2021-01-28,1.21065,1.21411,1.20799,1.21169
1586,2021-01-29,1.21177,1.21551,1.20937,1.2136
1587,2021-02-01,1.21266,1.21358,1.20553,1.20569
1588,2021-02-02,1.20556,1.20871,1.20108,1.20402
1589,2021-02-03,1.20419,1.20494,1.20033,1.20329
1590,2021-02-04,1.20337,1.2042,1.19565,1.19595
1591,2021-02-05,1.19575,1.20491,1.19516,1.20472
1592,2021-02-08,1.20332,1.20653,1.2019,1.20453
1593,2021-02-09,1.20442,1.21211,1.20442,1.21185
1594,2021-02-10,1.21133,1.21431,1.21082,1.21147
1595,2021-02-11,1.21157,1.21488,1.21128,1.21262
1596,2021-02-12,1.21259,1.21347,1.20808,1.21174
1597,2021-02-15,1.21204,1.21442,1.21158,1.21249
1598,2021-02-16,1.21239,1.21688,1.20943,1.21027
1599,2021-02-17,1.21027,1.21071,1.20225,1.20339
1600,2021-02-18,1.20314,1.20938,1.20313,1.20851
1601,2021-02-19,1.20856,1.21436,1.20816,1.21162
1602,2021-02-22,1.21103,1.21686,1.20903,1.21507
1603,2021-02-23,1.21518,1.21791,1.21345,1.21459
1604,2021-02-24,1.21472,1.21739,1.21083,1.21617
1605,2021-02-25,1.216,1.22421,1.21552,1.21683
1606,2021-02-26,1.21742,1.21829,1.20613,1.20719
1607,2021-03-01,1.20661,1.21005,1.2027,1.20451
1608,2021-03-02,1.20464,1.20936,1.19909,1.20863
1609,2021-03-03,1.20871,1.21123,1.20419,1.20605
1610,2021-03-04,1.20596,1.20654,1.19608,1.19627
1611,2021-03-05,1.1964,1.1976,1.1892,1.1908
1612,2021-03-08,1.19136,1.19314,1.18433,1.18444
1613,2021-03-09,1.1842,1.19149,1.18346,1.18974
1614,2021-03-10,1.18952,1.1929,1.18681,1.19251
1615,2021-03-11,1.19245,1.19892,1.19148,1.19811
1616,2021-03-12,1.19815,1.19877,1.19092,1.19517
1617,2021-03-15,1.19502,1.19666,1.19103,1.19267
1618,2021-03-16,1.19264,1.19511,1.18816,1.19003
1619,2021-03-17,1.19002,1.19848,1.18856,1.19795
1620,2021-03-18,1.19793,1.19881,1.19054,1.19133
1621,2021-03-19,1.1913,1.19365,1.1873,1.19037
1622,2021-03-22,1.18785,1.19461,1.18739,1.19326
1623,2021-03-23,1.19325,1.194,1.18414,1.18503
1624,2021-03-24,1.18501,1.1851,1.1808,1.18117
1625,2021-03-25,1.18116,1.18269,1.17608,1.17678
1626,2021-03-26,1.17675,1.18042,1.17674,1.17921
1627,2021-03-29,1.17867,1.17931,1.176,1.17628
1628,2021-03-30,1.17592,1.1773,1.17102,1.17128
1629,2021-03-31,1.17124,1.17592,1.17034,1.17262
1630,2021-04-01,1.17273,1.17792,1.17119,1.17727
1631,2021-04-02,1.17717,1.17859,1.17484,1.17583
1632,2021-04-05,1.17532,1.18188,1.17372,1.18106
1633,2021-04-06,1.18077,1.1877,1.17945,1.18725
1634,2021-04-07,1.18702,1.19139,1.18601,1.18622
1635,2021-04-08,1.18621,1.19265,1.186,1.1909
1636,2021-04-09,1.19099,1.19193,1.18662,1.19011
1637,2021-04-12,1.18855,1.19183,1.18704,1.19065
1638,2021-04-13,1.19054,1.19551,1.18775,1.19455
1639,2021-04-14,1.19467,1.19866,1.19414,1.19754
1640,2021-04-15,1.19754,1.19926,1.19554,1.19631
1641,2021-04-16,1.19641,1.19938,1.19498,1.19807
1642,2021-04-19,1.19695,1.20471,1.19418,1.20348
1643,2021-04-20,1.2033,1.2079,1.20217,1.20315
1644,2021-04-21,1.20305,1.20429,1.19977,1.2031
1645,2021-04-22,1.20303,1.20688,1.19928,1.20111
1646,2021-04-23,1.20099,1.20992,1.20099,1.2096
1647,2021-04-26,1.20904,1.21161,1.20602,1.20799
1648,2021-04-27,1.20805,1.2092,1.2056,1.20857
1649,2021-04-28,1.20854,1.2134,1.20554,1.21213
1650,2021-04-29,1.21209,1.21491,1.21013,1.21132
1651,2021-04-30,1.21176,1.21257,1.20156,1.20185
1652,2021-05-03,1.203,1.20751,1.20123,1.20597
1653,2021-05-04,1.20593,1.20633,1.19981,1.20092
1654,2021-05-05,1.2009,1.20257,1.19853,1.19994
1655,2021-05-06,1.19999,1.20709,1.19924,1.206
1656,2021-05-07,1.20631,1.21707,1.20521,1.2163
1657,2021-05-10,1.21594,1.21775,1.21264,1.21264
1658,2021-05-11,1.21237,1.21808,1.21224,1.21447
1659,2021-05-12,1.2143,1.21514,1.20648,1.20665
1660,2021-05-13,1.20671,1.21053,1.20505,1.20747
1661,2021-05-14,1.20761,1.21469,1.20702,1.21446
1662,2021-05-17,1.21424,1.21682,1.21254,1.21504
1663,2021-05-18,1.21501,1.22333,1.21473,1.22195
1664,2021-05-19,1.22171,1.22444,1.21592,1.21705
1665,2021-05-20,1.21711,1.22284,1.21652,1.22244
1666,2021-05-21,1.22221,1.22389,1.216,1.21789
1667,2021-05-24,1.21743,1.22291,1.21715,1.22103
1668,2021-05-25,1.22069,1.22656,1.22068,1.22451
1669,2021-05-26,1.22454,1.22621,1.21811,1.21869
1670,2021-05-27,1.21861,1.22143,1.21744,1.21907
1671,2021-05-28,1.21881,1.22041,1.21317,1.21911
1672,2021-05-31,1.21942,1.22307,1.21826,1.22229
1673,2021-06-01,1.22201,1.22536,1.22109,1.2211
1674,2021-06-02,1.22068,1.22258,1.21633,1.22062
1675,2021-06-03,1.22045,1.22134,1.21175,1.21229
1676,2021-06-04,1.21243,1.2185,1.21031,1.21652
1677,2021-06-07,1.21579,1.22011,1.21442,1.21878
1678,2021-06-08,1.2188,1.21934,1.21635,1.21679
1679,2021-06-09,1.21683,1.22172,1.21683,1.21738
1680,2021-06-10,1.21733,1.2194,1.21424,1.21636
1681,2021-06-11,1.21665,1.21922,1.2092,1.21069
1682,2021-06-14,1.2102,1.21297,1.20934,1.21181
1683,2021-06-15,1.21132,1.21465,1.21005,1.21239
1684,2021-06-16,1.21239,1.21339,1.19918,1.19918
1685,2021-06-17,1.19916,1.20056,1.1891,1.19018
1686,2021-06-18,1.19043,1.19242,1.18464,1.18599
1687,2021-06-21,1.18506,1.19204,1.18469,1.19109
1688,2021-06-22,1.19143,1.19519,1.18802,1.19327
1689,2021-06-23,1.19322,1.19693,1.19107,1.19211
1690,2021-06-24,1.19224,1.19556,1.19168,1.19274
1691,2021-06-25,1.19276,1.19744,1.19255,1.19334
1692,2021-06-28,1.19287,1.19438,1.19017,1.19212
1693,2021-06-29,1.19207,1.19292,1.18768,1.18917
1694,2021-06-30,1.18901,1.19082,1.18443,1.18522
1695,2021-07-01,1.18543,1.18834,1.18366,1.18455
1696,2021-07-02,1.18447,1.18736,1.18062,1.18656
1697,2021-07-05,1.18571,1.18799,1.18506,1.18589
1698,2021-07-06,1.1857,1.18944,1.18062,1.18193
1699,2021-07-07,1.18169,1.18354,1.17807,1.17864
1700,2021-07-08,1.17833,1.18671,1.17828,1.18377
1701,2021-07-09,1.18367,1.18804,1.18242,1.18754
1702,2021-07-12,1.18699,1.18794,1.18353,1.18544
1703,2021-07-13,1.18575,1.18744,1.17713,1.17797
1704,2021-07-14,1.17733,1.18381,1.1767,1.1834
1705,2021-07-15,1.18305,1.18498,1.17954,1.1809
1706,2021-07-16,1.18069,1.18216,1.17914,1.18035
1707,2021-07-19,1.18032,1.18237,1.17632,1.17966
1708,2021-07-20,1.17928,1.18018,1.1755,1.1775
1709,2021-07-21,1.17739,1.18042,1.17511,1.17924
1710,2021-07-22,1.17866,1.18297,1.17567,1.17664
1711,2021-07-23,1.17641,1.17858,1.17537,1.177
1712,2021-07-26,1.17661,1.18165,1.17626,1.17969
1713,2021-07-27,1.17983,1.18403,1.17693,1.18119
1714,2021-07-28,1.18099,1.18488,1.17712,1.18405
1715,2021-07-29,1.18383,1.18921,1.18381,1.18813
1716,2021-07-30,1.18804,1.1908,1.18508,1.18665
1717,2021-08-02,1.18645,1.18962,1.18583,1.1865
1718,2021-08-03,1.18649,1.18926,1.1853,1.18593
1719,2021-08-04,1.18588,1.18989,1.18318,1.18318
1720,2021-08-05,1.18356,1.18564,1.18272,1.18281
1721,2021-08-06,1.18331,1.18346,1.17536,1.1759
1722,2021-08-09,1.17548,1.17681,1.1734,1.17344
1723,2021-08-10,1.17356,1.17419,1.1709,1.17184
1724,2021-08-11,1.17188,1.1753,1.17053,1.17345
1725,2021-08-12,1.17374,1.17476,1.17229,1.17284
1726,2021-08-13,1.17282,1.18039,1.17282,1.17934
1727,2021-08-16,1.17933,1.18,1.17665,1.17726
1728,2021-08-17,1.17774,1.17839,1.17053,1.17053
1729,2021-08-18,1.17086,1.17419,1.1693,1.17054
1730,2021-08-19,1.17101,1.17147,1.16649,1.16724
1731,2021-08-20,1.16734,1.17038,1.16633,1.16982
1732,2021-08-23,1.16893,1.17495,1.16886,1.17399
1733,2021-08-24,1.17425,1.17646,1.17264,1.17549
1734,2021-08-25,1.17529,1.1774,1.17254,1.17669
1735,2021-08-26,1.17705,1.17783,1.17453,1.17467
1736,2021-08-27,1.17506,1.18016,1.1734,1.17937
1737,2021-08-30,1.17923,1.18092,1.17819,1.17917
1738,2021-08-31,1.17957,1.18445,1.17934,1.18038
1739,2021-09-01,1.18073,1.18565,1.17929,1.1834
1740,2021-09-02,1.18378,1.18753,1.18336,1.18741
1741,2021-09-03,1.18741,1.19082,1.18649,1.18762
1742,2021-09-06,1.18743,1.18856,1.1855,1.18648
1743,2021-09-07,1.18673,1.18846,1.18355,1.1836
1744,2021-09-08,1.18356,1.18503,1.18013,1.18139
1745,2021-09-09,1.18125,1.18404,1.18044,1.18209
1746,2021-09-10,1.18224,1.18505,1.18078,1.18086
1747,2021-09-13,1.18115,1.18163,1.17693,1.18091
1748,2021-09-14,1.18093,1.1845,1.17993,1.18034
1749,2021-09-15,1.18013,1.18312,1.17983,1.18118
1750,2021-09-16,1.18155,1.18199,1.17496,1.17639
1751,2021-09-17,1.1759,1.17882,1.17238,1.17238
1752,2021-09-20,1.17297,1.17357,1.16994,1.17219
1753,2021-09-21,1.17236,1.17479,1.17141,1.17189
1754,2021-09-22,1.17187,1.17546,1.16836,1.16849
1755,2021-09-23,1.16859,1.17493,1.16826,1.17352
1756,2021-09-24,1.17375,1.17469,1.16998,1.17186
1757,2021-09-27,1.17237,1.17257,1.16839,1.16929
1758,2021-09-28,1.16935,1.17025,1.16674,1.16794
1759,2021-09-29,1.16821,1.16893,1.15885,1.15928
1760,2021-09-30,1.15955,1.1609,1.15618,1.15763
1761,2021-10-01,1.15776,1.16067,1.15621,1.15912
1762,2021-10-04,1.1593,1.16393,1.1587,1.16159
1763,2021-10-05,1.16173,1.16214,1.15798,1.15927
1764,2021-10-06,1.15955,1.16014,1.15284,1.15519
1765,2021-10-07,1.15515,1.15713,1.15465,1.15478
1766,2021-10-08,1.15475,1.15854,1.15405,1.15728
1767,2021-10-11,1.15679,1.15859,1.15462,1.15462
1768,2021-10-12,1.15495,1.15696,1.15225,1.15284
1769,2021-10-13,1.15286,1.15967,1.15283,1.15908
1770,2021-10-14,1.15878,1.16235,1.15833,1.15949
1771,2021-10-15,1.15955,1.1618,1.15874,1.15978
1772,2021-10-18,1.15901,1.16217,1.1571,1.16084
1773,2021-10-19,1.16076,1.16686,1.16073,1.16295
1774,2021-10-20,1.16295,1.16578,1.1616,1.16462
1775,2021-10-21,1.16452,1.16665,1.16187,1.16194
1776,2021-10-22,1.16186,1.1655,1.16186,1.1642
1777,2021-10-25,1.16357,1.16643,1.15898,1.1604
1778,2021-10-26,1.16046,1.1625,1.1584,1.1595
1779,2021-10-27,1.1595,1.16255,1.15842,1.15964
1780,2021-10-28,1.16013,1.16912,1.15814,1.16762
1781,2021-10-29,1.16764,1.16892,1.15344,1.15604
1782,2021-11-01,1.15595,1.16083,1.15453,1.16029
1783,2021-11-02,1.16029,1.16126,1.15742,1.15789
1784,2021-11-03,1.15786,1.16155,1.15616,1.16119
1785,2021-11-04,1.16115,1.16156,1.15275,1.15534
1786,2021-11-05,1.15525,1.15725,1.15126,1.15666
1787,2021-11-08,1.15568,1.15942,1.15497,1.15813
1788,2021-11-09,1.15819,1.16083,1.1569,1.15885
1789,2021-11-10,1.15903,1.15946,1.1474,1.1474
1790,2021-11-11,1.14765,1.1487,1.14423,1.14457
1791,2021-11-12,1.14486,1.14614,1.14321,1.14427
1792,2021-11-15,1.14453,1.14632,1.13555,1.13647
1793,2021-11-16,1.13659,1.1385,1.13081,1.13154
1794,2021-11-17,1.13182,1.13311,1.1263,1.13141
1795,2021-11-18,1.13182,1.13735,1.1313,1.13704
1796,2021-11-19,1.13667,1.13719,1.1249,1.12797
1797,2021-11-22,1.1284,1.12896,1.12298,1.12351
1798,2021-11-23,1.12351,1.12742,1.12253,1.12466
1799,2021-11-24,1.12465,1.12544,1.11852,1.11941
1800,2021-11-25,1.11913,1.12288,1.11913,1.12044
1801,2021-11-26,1.1205,1.1326,1.12045,1.13158
1802,2021-11-29,1.12992,1.13175,1.12576,1.12858
1803,2021-11-30,1.12899,1.1382,1.12339,1.13339
1804,2021-12-01,1.13336,1.13588,1.13016,1.13151
1805,2021-12-02,1.13177,1.13468,1.12945,1.12961
1806,2021-12-03,1.12996,1.13326,1.12658,1.13059
1807,2021-12-06,1.12992,1.131,1.12656,1.12801
1808,2021-12-07,1.12838,1.12976,1.12266,1.12669
1809,2021-12-08,1.12631,1.1354,1.12631,1.13416
1810,2021-12-09,1.13415,1.1345,1.12777,1.1288
1811,2021-12-10,1.12923,1.13233,1.12644,1.13166
1812,2021-12-13,1.13099,1.13185,1.12593,1.12784
1813,2021-12-14,1.12832,1.13231,1.12529,1.12538
1814,2021-12-15,1.12582,1.12985,1.12208,1.12805
1815,2021-12-16,1.12775,1.13595,1.12775,1.13259
1816,2021-12-17,1.13287,1.13481,1.12342,1.12346
1817,2021-12-20,1.12362,1.13029,1.12337,1.12758
1818,2021-12-21,1.12754,1.13019,1.12599,1.12762
1819,2021-12-22,1.12815,1.13414,1.12635,1.13252
1820,2021-12-23,1.13245,1.13412,1.12893,1.1323
1821,2021-12-24,1.13232,1.13426,1.13055,1.13104
1822,2021-12-27,1.13115,1.13333,1.13021,1.1325
1823,2021-12-28,1.13245,1.13323,1.12887,1.13072
1824,2021-12-29,1.13065,1.1368,1.12728,1.13447
1825,2021-12-30,1.13445,1.1359,1.12976,1.13147
1826,2021-12-31,1.13148,1.13776,1.13024,1.13741
